motif_ID	motif_ALT_ID	motif_P-value	seq_ID	seq_Score	seq_Class	is_holdout?
1-VCASCTGYYVYBBSCNNTB	STREME-1	6.0e-011	chr3:122415003-122415054	17.13	tp	0
1-VCASCTGYYVYBBSCNNTB	STREME-1	6.0e-011	chr6:72027135-72027186	16.94	tp	0
1-VCASCTGYYVYBBSCNNTB	STREME-1	6.0e-011	chr18:53384132-53384183	16.48	tp	0
1-VCASCTGYYVYBBSCNNTB	STREME-1	6.0e-011	chr11:6274780-6274831	16.38	tp	0
1-VCASCTGYYVYBBSCNNTB	STREME-1	6.0e-011	chr8:122850806-122850857	15.51	tp	0
1-VCASCTGYYVYBBSCNNTB	STREME-1	6.0e-011	chr5:136532156-136532207	15.37	tp	0
1-VCASCTGYYVYBBSCNNTB	STREME-1	6.0e-011	chr2:60710482-60710533	15.26	tp	0
1-VCASCTGYYVYBBSCNNTB	STREME-1	6.0e-011	chr6:127969830-127969881	15.02	tp	0
1-VCASCTGYYVYBBSCNNTB	STREME-1	6.0e-011	chr2:167330776-167330827	14.98	tp	0
1-VCASCTGYYVYBBSCNNTB	STREME-1	6.0e-011	chr1:57388026-57388077	14.73	tp	0
1-VCASCTGYYVYBBSCNNTB	STREME-1	6.0e-011	chr7:16004584-16004635	14.63	tp	0
1-VCASCTGYYVYBBSCNNTB	STREME-1	6.0e-011	chr17:6958972-6959023	14.60	tp	0
1-VCASCTGYYVYBBSCNNTB	STREME-1	6.0e-011	chr17:8167643-8167694	14.60	tp	0
1-VCASCTGYYVYBBSCNNTB	STREME-1	6.0e-011	chr6:42385793-42385844	14.44	tp	0
1-VCASCTGYYVYBBSCNNTB	STREME-1	6.0e-011	chr11:58223804-58223855	14.37	tp	0
1-VCASCTGYYVYBBSCNNTB	STREME-1	6.0e-011	chr11:110874648-110874699	14.33	tp	1
1-VCASCTGYYVYBBSCNNTB	STREME-1	6.0e-011	chr6:29941191-29941242	14.16	tp	0
1-VCASCTGYYVYBBSCNNTB	STREME-1	6.0e-011	chr18:77825319-77825370	14.03	tp	0
1-VCASCTGYYVYBBSCNNTB	STREME-1	6.0e-011	chr10:67019073-67019124	13.65	tp	0
1-VCASCTGYYVYBBSCNNTB	STREME-1	6.0e-011	chr13:58309661-58309712	13.63	tp	1
1-VCASCTGYYVYBBSCNNTB	STREME-1	6.0e-011	chr2:6667704-6667755	13.59	tp	0
1-VCASCTGYYVYBBSCNNTB	STREME-1	6.0e-011	chr1:168743533-168743584	13.31	tp	0
1-VCASCTGYYVYBBSCNNTB	STREME-1	6.0e-011	chr18:57212378-57212429	13.30	tp	0
1-VCASCTGYYVYBBSCNNTB	STREME-1	6.0e-011	chr2:181550385-181550436	13.14	tp	0
1-VCASCTGYYVYBBSCNNTB	STREME-1	6.0e-011	chr2:155606477-155606528	13.13	tp	0
1-VCASCTGYYVYBBSCNNTB	STREME-1	6.0e-011	chr9:62166292-62166343	13.10	tp	0
1-VCASCTGYYVYBBSCNNTB	STREME-1	6.0e-011	chr2:120146693-120146744	13.07	tp	0
1-VCASCTGYYVYBBSCNNTB	STREME-1	6.0e-011	chr6:147788241-147788292	13.02	tp	0
1-VCASCTGYYVYBBSCNNTB	STREME-1	6.0e-011	chr11:11855187-11855238	13.02	tp	0
1-VCASCTGYYVYBBSCNNTB	STREME-1	6.0e-011	chr2:73392919-73392970	12.99	tp	0
1-VCASCTGYYVYBBSCNNTB	STREME-1	6.0e-011	chr3:53416249-53416300	12.96	tp	0
1-VCASCTGYYVYBBSCNNTB	STREME-1	6.0e-011	chr16:20746858-20746909	12.96	fp	0
1-VCASCTGYYVYBBSCNNTB	STREME-1	6.0e-011	chr12:17225134-17225185	12.93	tp	0
1-VCASCTGYYVYBBSCNNTB	STREME-1	6.0e-011	chr12:104993057-104993108	12.89	tp	0
1-VCASCTGYYVYBBSCNNTB	STREME-1	6.0e-011	chr1:92699146-92699197	12.83	tp	0
1-VCASCTGYYVYBBSCNNTB	STREME-1	6.0e-011	chr4:127300623-127300674	12.82	tp	0
1-VCASCTGYYVYBBSCNNTB	STREME-1	6.0e-011	chr11:47765991-47766042	12.82	tp	0
1-VCASCTGYYVYBBSCNNTB	STREME-1	6.0e-011	chr1:89637806-89637857	12.80	tp	0
1-VCASCTGYYVYBBSCNNTB	STREME-1	6.0e-011	chr2:113980723-113980774	12.79	tp	0
1-VCASCTGYYVYBBSCNNTB	STREME-1	6.0e-011	chr14:30137184-30137235	12.77	tp	0
1-VCASCTGYYVYBBSCNNTB	STREME-1	6.0e-011	chr10:85003774-85003825	12.76	tp	0
1-VCASCTGYYVYBBSCNNTB	STREME-1	6.0e-011	chr3:114757442-114757493	12.73	tp	1
1-VCASCTGYYVYBBSCNNTB	STREME-1	6.0e-011	chr7:46378355-46378406	12.68	tp	0
1-VCASCTGYYVYBBSCNNTB	STREME-1	6.0e-011	chr16:24635478-24635529	12.67	tp	0
1-VCASCTGYYVYBBSCNNTB	STREME-1	6.0e-011	chr1:135836078-135836129	12.64	tp	1
1-VCASCTGYYVYBBSCNNTB	STREME-1	6.0e-011	chr1:20633614-20633665	12.57	tp	0
1-VCASCTGYYVYBBSCNNTB	STREME-1	6.0e-011	chr2:60689014-60689065	12.56	tp	0
1-VCASCTGYYVYBBSCNNTB	STREME-1	6.0e-011	chr1:128444593-128444644	12.54	tp	0
1-VCASCTGYYVYBBSCNNTB	STREME-1	6.0e-011	chr17:88042497-88042548	12.49	tp	0
1-VCASCTGYYVYBBSCNNTB	STREME-1	6.0e-011	chr10:15406338-15406389	12.46	tp	0
1-VCASCTGYYVYBBSCNNTB	STREME-1	6.0e-011	chr19:44576477-44576528	12.45	tp	1
1-VCASCTGYYVYBBSCNNTB	STREME-1	6.0e-011	chr16:38370823-38370874	12.45	tp	0
1-VCASCTGYYVYBBSCNNTB	STREME-1	6.0e-011	chr5:33656898-33656949	12.44	tp	0
1-VCASCTGYYVYBBSCNNTB	STREME-1	6.0e-011	chr1:135795035-135795086	12.41	tp	0
1-VCASCTGYYVYBBSCNNTB	STREME-1	6.0e-011	chr12:13053396-13053447	12.39	tp	0
1-VCASCTGYYVYBBSCNNTB	STREME-1	6.0e-011	chr10:59179787-59179838	12.34	tp	0
1-VCASCTGYYVYBBSCNNTB	STREME-1	6.0e-011	chr2:114143975-114144026	12.31	tp	0
1-VCASCTGYYVYBBSCNNTB	STREME-1	6.0e-011	chr7:143008210-143008261	12.31	tp	0
1-VCASCTGYYVYBBSCNNTB	STREME-1	6.0e-011	chr2:59373254-59373305	12.31	tp	0
1-VCASCTGYYVYBBSCNNTB	STREME-1	6.0e-011	chr14:77464847-77464898	12.27	tp	1
1-VCASCTGYYVYBBSCNNTB	STREME-1	6.0e-011	chr15:31269713-31269764	12.17	tp	1
1-VCASCTGYYVYBBSCNNTB	STREME-1	6.0e-011	chr5:88711279-88711330	12.16	tp	0
1-VCASCTGYYVYBBSCNNTB	STREME-1	6.0e-011	chr5:24600369-24600420	12.16	tp	0
1-VCASCTGYYVYBBSCNNTB	STREME-1	6.0e-011	chr11:69368033-69368084	12.16	tp	0
1-VCASCTGYYVYBBSCNNTB	STREME-1	6.0e-011	chr13:64410748-64410799	12.14	fp	0
1-VCASCTGYYVYBBSCNNTB	STREME-1	6.0e-011	chr12:70680124-70680175	12.13	tp	1
1-VCASCTGYYVYBBSCNNTB	STREME-1	6.0e-011	chr7:45334669-45334720	12.06	fp	0
1-VCASCTGYYVYBBSCNNTB	STREME-1	6.0e-011	chr1:92776501-92776552	12.05	tp	0
1-VCASCTGYYVYBBSCNNTB	STREME-1	6.0e-011	chr6:31158867-31158918	12.05	tp	0
1-VCASCTGYYVYBBSCNNTB	STREME-1	6.0e-011	chr9:49925954-49926005	11.98	tp	0
1-VCASCTGYYVYBBSCNNTB	STREME-1	6.0e-011	chr6:67138840-67138891	11.95	tp	0
1-VCASCTGYYVYBBSCNNTB	STREME-1	6.0e-011	chr10:85656070-85656121	11.94	fp	0
1-VCASCTGYYVYBBSCNNTB	STREME-1	6.0e-011	chr11:59805420-59805471	11.93	tp	0
1-VCASCTGYYVYBBSCNNTB	STREME-1	6.0e-011	chr9:53609996-53610047	11.92	fp	0
1-VCASCTGYYVYBBSCNNTB	STREME-1	6.0e-011	chr2:16484104-16484155	11.92	tp	0
1-VCASCTGYYVYBBSCNNTB	STREME-1	6.0e-011	chr12:85227379-85227430	11.90	fp	0
1-VCASCTGYYVYBBSCNNTB	STREME-1	6.0e-011	chr2:104151188-104151239	11.86	tp	0
1-VCASCTGYYVYBBSCNNTB	STREME-1	6.0e-011	chr2:27036138-27036189	11.83	tp	0
1-VCASCTGYYVYBBSCNNTB	STREME-1	6.0e-011	chr18:35272639-35272690	11.80	tp	0
1-VCASCTGYYVYBBSCNNTB	STREME-1	6.0e-011	chr5:124166425-124166476	11.79	tp	0
1-VCASCTGYYVYBBSCNNTB	STREME-1	6.0e-011	chr15:75758159-75758210	11.78	tp	0
1-VCASCTGYYVYBBSCNNTB	STREME-1	6.0e-011	chr17:85087716-85087767	11.76	tp	0
1-VCASCTGYYVYBBSCNNTB	STREME-1	6.0e-011	chr10:24905292-24905343	11.72	fp	0
1-VCASCTGYYVYBBSCNNTB	STREME-1	6.0e-011	chr12:69723003-69723054	11.70	tp	0
1-VCASCTGYYVYBBSCNNTB	STREME-1	6.0e-011	chr2:114048398-114048449	11.70	tp	0
1-VCASCTGYYVYBBSCNNTB	STREME-1	6.0e-011	chr4:129828283-129828334	11.70	tp	1
1-VCASCTGYYVYBBSCNNTB	STREME-1	6.0e-011	chr2:156180403-156180454	11.70	tp	0
1-VCASCTGYYVYBBSCNNTB	STREME-1	6.0e-011	chr5:65911809-65911860	11.67	tp	0
1-VCASCTGYYVYBBSCNNTB	STREME-1	6.0e-011	chr16:30517755-30517806	11.66	tp	0
1-VCASCTGYYVYBBSCNNTB	STREME-1	6.0e-011	chr8:35468305-35468356	11.66	tp	0
1-VCASCTGYYVYBBSCNNTB	STREME-1	6.0e-011	chr2:25460617-25460668	11.66	tp	0
1-VCASCTGYYVYBBSCNNTB	STREME-1	6.0e-011	chr2:91035525-91035576	11.64	tp	0
1-VCASCTGYYVYBBSCNNTB	STREME-1	6.0e-011	chr9:35041606-35041657	11.63	tp	0
1-VCASCTGYYVYBBSCNNTB	STREME-1	6.0e-011	chr1:59195118-59195169	11.60	tp	0
1-VCASCTGYYVYBBSCNNTB	STREME-1	6.0e-011	chr10:66819660-66819711	11.58	tp	1
1-VCASCTGYYVYBBSCNNTB	STREME-1	6.0e-011	chr13:30656982-30657033	11.54	tp	0
1-VCASCTGYYVYBBSCNNTB	STREME-1	6.0e-011	chr1:62784161-62784212	11.47	tp	0
1-VCASCTGYYVYBBSCNNTB	STREME-1	6.0e-011	chr15:42483568-42483619	11.47	tp	0
1-VCASCTGYYVYBBSCNNTB	STREME-1	6.0e-011	chr9:52800616-52800667	11.46	tp	0
1-VCASCTGYYVYBBSCNNTB	STREME-1	6.0e-011	chr5:139216914-139216965	11.45	tp	0
1-VCASCTGYYVYBBSCNNTB	STREME-1	6.0e-011	chr10:45076709-45076760	11.45	tp	0
1-VCASCTGYYVYBBSCNNTB	STREME-1	6.0e-011	chr5:144344747-144344798	11.44	tp	0
1-VCASCTGYYVYBBSCNNTB	STREME-1	6.0e-011	chr19:9066365-9066416	11.43	fp	0
1-VCASCTGYYVYBBSCNNTB	STREME-1	6.0e-011	chr5:81248888-81248939	11.38	tp	0
1-VCASCTGYYVYBBSCNNTB	STREME-1	6.0e-011	chr4:8799579-8799630	11.36	tp	0
1-VCASCTGYYVYBBSCNNTB	STREME-1	6.0e-011	chr15:10940247-10940298	11.35	tp	0
1-VCASCTGYYVYBBSCNNTB	STREME-1	6.0e-011	chr15:72884708-72884759	11.35	tp	0
1-VCASCTGYYVYBBSCNNTB	STREME-1	6.0e-011	chr12:101770767-101770818	11.30	tp	0
1-VCASCTGYYVYBBSCNNTB	STREME-1	6.0e-011	chr6:97227192-97227243	11.30	tp	0
1-VCASCTGYYVYBBSCNNTB	STREME-1	6.0e-011	chr14:73105673-73105724	11.27	tp	0
1-VCASCTGYYVYBBSCNNTB	STREME-1	6.0e-011	chr13:55484713-55484764	11.24	tp	0
1-VCASCTGYYVYBBSCNNTB	STREME-1	6.0e-011	chr9:88238497-88238548	11.22	tp	0
1-VCASCTGYYVYBBSCNNTB	STREME-1	6.0e-011	chr1:39458040-39458091	11.19	tp	0
1-VCASCTGYYVYBBSCNNTB	STREME-1	6.0e-011	chr3:116929186-116929237	11.15	tp	0
1-VCASCTGYYVYBBSCNNTB	STREME-1	6.0e-011	chr1:133625197-133625248	11.13	tp	0
1-VCASCTGYYVYBBSCNNTB	STREME-1	6.0e-011	chr17:15371974-15372025	11.12	tp	0
1-VCASCTGYYVYBBSCNNTB	STREME-1	6.0e-011	chr10:69238472-69238523	11.11	tp	0
1-VCASCTGYYVYBBSCNNTB	STREME-1	6.0e-011	chr10:80227931-80227982	11.09	tp	0
1-VCASCTGYYVYBBSCNNTB	STREME-1	6.0e-011	chr16:13364229-13364280	11.08	tp	0
1-VCASCTGYYVYBBSCNNTB	STREME-1	6.0e-011	chr5:101957557-101957608	11.08	tp	1
1-VCASCTGYYVYBBSCNNTB	STREME-1	6.0e-011	chr17:68046411-68046462	11.07	tp	0
1-VCASCTGYYVYBBSCNNTB	STREME-1	6.0e-011	chr12:31926937-31926988	11.06	tp	0
1-VCASCTGYYVYBBSCNNTB	STREME-1	6.0e-011	chr4:119198185-119198236	11.06	tp	0
1-VCASCTGYYVYBBSCNNTB	STREME-1	6.0e-011	chr17:56594037-56594088	11.03	tp	0
1-VCASCTGYYVYBBSCNNTB	STREME-1	6.0e-011	chr19:28946923-28946974	11.02	fp	1
1-VCASCTGYYVYBBSCNNTB	STREME-1	6.0e-011	chr8:94066570-94066621	11.01	tp	0
1-VCASCTGYYVYBBSCNNTB	STREME-1	6.0e-011	chr5:102802995-102803046	10.92	tp	0
1-VCASCTGYYVYBBSCNNTB	STREME-1	6.0e-011	chr14:62852944-62852995	10.84	tp	0
1-VCASCTGYYVYBBSCNNTB	STREME-1	6.0e-011	chr1:56089546-56089597	10.83	fp	0
1-VCASCTGYYVYBBSCNNTB	STREME-1	6.0e-011	chrX:96120161-96120212	10.83	fp	0
1-VCASCTGYYVYBBSCNNTB	STREME-1	6.0e-011	chr7:38125600-38125651	10.82	tp	0
1-VCASCTGYYVYBBSCNNTB	STREME-1	6.0e-011	chr10:39311672-39311723	10.82	tp	0
1-VCASCTGYYVYBBSCNNTB	STREME-1	6.0e-011	chr10:41675972-41676023	10.81	tp	0
1-VCASCTGYYVYBBSCNNTB	STREME-1	6.0e-011	chr10:79760758-79760809	10.81	tp	0
1-VCASCTGYYVYBBSCNNTB	STREME-1	6.0e-011	chr15:57796518-57796569	10.79	tp	1
1-VCASCTGYYVYBBSCNNTB	STREME-1	6.0e-011	chr15:76485362-76485413	10.76	tp	0
1-VCASCTGYYVYBBSCNNTB	STREME-1	6.0e-011	chr5:151286512-151286563	10.74	tp	0
1-VCASCTGYYVYBBSCNNTB	STREME-1	6.0e-011	chr2:6877254-6877305	10.74	tp	0
1-VCASCTGYYVYBBSCNNTB	STREME-1	6.0e-011	chr4:129829843-129829894	10.73	tp	0
1-VCASCTGYYVYBBSCNNTB	STREME-1	6.0e-011	chr12:85227379-85227430	10.72	tp	0
1-VCASCTGYYVYBBSCNNTB	STREME-1	6.0e-011	chr12:80879322-80879373	10.71	tp	0
1-VCASCTGYYVYBBSCNNTB	STREME-1	6.0e-011	chr14:73369770-73369821	10.69	tp	0
1-VCASCTGYYVYBBSCNNTB	STREME-1	6.0e-011	chr10:71292475-71292526	10.67	tp	1
1-VCASCTGYYVYBBSCNNTB	STREME-1	6.0e-011	chr9:15104111-15104162	10.65	tp	0
1-VCASCTGYYVYBBSCNNTB	STREME-1	6.0e-011	chr8:71521870-71521921	10.62	tp	0
1-VCASCTGYYVYBBSCNNTB	STREME-1	6.0e-011	chr13:58313956-58314007	10.59	tp	0
1-VCASCTGYYVYBBSCNNTB	STREME-1	6.0e-011	chr12:111851868-111851919	10.59	tp	0
1-VCASCTGYYVYBBSCNNTB	STREME-1	6.0e-011	chr10:28185569-28185620	10.56	tp	1
1-VCASCTGYYVYBBSCNNTB	STREME-1	6.0e-011	chr1:12292006-12292057	10.53	tp	0
1-VCASCTGYYVYBBSCNNTB	STREME-1	6.0e-011	chr14:64949823-64949874	10.52	tp	0
1-VCASCTGYYVYBBSCNNTB	STREME-1	6.0e-011	chr10:85656070-85656121	10.48	tp	0
1-VCASCTGYYVYBBSCNNTB	STREME-1	6.0e-011	chr13:9319890-9319941	10.46	tp	0
1-VCASCTGYYVYBBSCNNTB	STREME-1	6.0e-011	chr6:114796090-114796141	10.44	tp	0
1-VCASCTGYYVYBBSCNNTB	STREME-1	6.0e-011	chr5:64541990-64542041	10.42	tp	0
1-VCASCTGYYVYBBSCNNTB	STREME-1	6.0e-011	chr1:20669933-20669984	10.41	tp	1
1-VCASCTGYYVYBBSCNNTB	STREME-1	6.0e-011	chr6:120183922-120183973	10.41	tp	0
1-VCASCTGYYVYBBSCNNTB	STREME-1	6.0e-011	chr9:60309941-60309992	10.37	tp	0
1-VCASCTGYYVYBBSCNNTB	STREME-1	6.0e-011	chr5:125116311-125116362	10.37	tp	0
1-VCASCTGYYVYBBSCNNTB	STREME-1	6.0e-011	chr13:64410748-64410799	10.36	tp	0
1-VCASCTGYYVYBBSCNNTB	STREME-1	6.0e-011	chr1:62838774-62838825	10.35	tp	0
1-VCASCTGYYVYBBSCNNTB	STREME-1	6.0e-011	chr10:99132333-99132384	10.34	fp	0
1-VCASCTGYYVYBBSCNNTB	STREME-1	6.0e-011	chr9:57601543-57601594	10.32	fp	0
1-VCASCTGYYVYBBSCNNTB	STREME-1	6.0e-011	chr4:129137696-129137747	10.29	tp	0
1-VCASCTGYYVYBBSCNNTB	STREME-1	6.0e-011	chr18:57259135-57259186	10.28	tp	0
1-VCASCTGYYVYBBSCNNTB	STREME-1	6.0e-011	chr10:91183509-91183560	10.27	tp	0
1-VCASCTGYYVYBBSCNNTB	STREME-1	6.0e-011	chr1:177646312-177646363	10.26	tp	0
1-VCASCTGYYVYBBSCNNTB	STREME-1	6.0e-011	chr4:154005611-154005662	10.25	tp	0
1-VCASCTGYYVYBBSCNNTB	STREME-1	6.0e-011	chr9:67677047-67677098	10.24	tp	0
1-VCASCTGYYVYBBSCNNTB	STREME-1	6.0e-011	chr10:39311672-39311723	10.23	fp	1
1-VCASCTGYYVYBBSCNNTB	STREME-1	6.0e-011	chr10:99132333-99132384	10.23	tp	0
1-VCASCTGYYVYBBSCNNTB	STREME-1	6.0e-011	chr8:127118376-127118427	10.23	fp	0
1-VCASCTGYYVYBBSCNNTB	STREME-1	6.0e-011	chr10:91183509-91183560	10.22	fp	0
1-VCASCTGYYVYBBSCNNTB	STREME-1	6.0e-011	chr8:93569829-93569880	10.22	tp	0
1-VCASCTGYYVYBBSCNNTB	STREME-1	6.0e-011	chr16:24635478-24635529	10.20	fp	0
1-VCASCTGYYVYBBSCNNTB	STREME-1	6.0e-011	chr14:73369770-73369821	10.19	fp	1
1-VCASCTGYYVYBBSCNNTB	STREME-1	6.0e-011	chr13:52175852-52175903	10.13	tp	0
1-VCASCTGYYVYBBSCNNTB	STREME-1	6.0e-011	chr17:56345545-56345596	10.11	tp	0
1-VCASCTGYYVYBBSCNNTB	STREME-1	6.0e-011	chr17:68107990-68108041	10.10	tp	0
1-VCASCTGYYVYBBSCNNTB	STREME-1	6.0e-011	chr1:136066754-136066805	10.10	tp	0
1-VCASCTGYYVYBBSCNNTB	STREME-1	6.0e-011	chr5:103789936-103789987	10.09	tp	0
1-VCASCTGYYVYBBSCNNTB	STREME-1	6.0e-011	chr19:9066365-9066416	10.02	tp	0
1-VCASCTGYYVYBBSCNNTB	STREME-1	6.0e-011	chr11:7371986-7372037	10.01	tp	0
1-VCASCTGYYVYBBSCNNTB	STREME-1	6.0e-011	chr10:85421417-85421468	10.00	tp	0
1-VCASCTGYYVYBBSCNNTB	STREME-1	6.0e-011	chr19:41953711-41953762	9.98	tp	0
1-VCASCTGYYVYBBSCNNTB	STREME-1	6.0e-011	chr19:56030125-56030176	9.95	fp	0
1-VCASCTGYYVYBBSCNNTB	STREME-1	6.0e-011	chr4:149735203-149735254	9.95	tp	0
1-VCASCTGYYVYBBSCNNTB	STREME-1	6.0e-011	chr13:83076752-83076803	9.95	tp	0
1-VCASCTGYYVYBBSCNNTB	STREME-1	6.0e-011	chr10:81072436-81072487	9.93	tp	0
1-VCASCTGYYVYBBSCNNTB	STREME-1	6.0e-011	chr6:84022141-84022192	9.93	tp	0
1-VCASCTGYYVYBBSCNNTB	STREME-1	6.0e-011	chr15:27552283-27552334	9.92	tp	0
1-VCASCTGYYVYBBSCNNTB	STREME-1	6.0e-011	chr5:35166192-35166243	9.92	tp	0
1-VCASCTGYYVYBBSCNNTB	STREME-1	6.0e-011	chr4:152038320-152038371	9.91	tp	0
1-VCASCTGYYVYBBSCNNTB	STREME-1	6.0e-011	chr2:117868965-117869016	9.91	tp	0
1-VCASCTGYYVYBBSCNNTB	STREME-1	6.0e-011	chr1:79317358-79317409	9.89	tp	0
1-VCASCTGYYVYBBSCNNTB	STREME-1	6.0e-011	chr12:73242169-73242220	9.82	fp	0
1-VCASCTGYYVYBBSCNNTB	STREME-1	6.0e-011	chr1:92099692-92099743	9.81	tp	0
1-VCASCTGYYVYBBSCNNTB	STREME-1	6.0e-011	chr10:41544644-41544695	9.81	tp	0
1-VCASCTGYYVYBBSCNNTB	STREME-1	6.0e-011	chr13:49554656-49554707	9.80	tp	0
1-VCASCTGYYVYBBSCNNTB	STREME-1	6.0e-011	chr5:24043555-24043606	9.77	tp	0
1-VCASCTGYYVYBBSCNNTB	STREME-1	6.0e-011	chr2:58711650-58711701	9.74	tp	0
1-VCASCTGYYVYBBSCNNTB	STREME-1	6.0e-011	chr17:28556776-28556827	9.70	tp	0
1-VCASCTGYYVYBBSCNNTB	STREME-1	6.0e-011	chr16:5113628-5113679	9.70	tp	0
1-VCASCTGYYVYBBSCNNTB	STREME-1	6.0e-011	chr19:7125686-7125737	9.69	tp	0
1-VCASCTGYYVYBBSCNNTB	STREME-1	6.0e-011	chr5:3928889-3928940	9.68	tp	0
1-VCASCTGYYVYBBSCNNTB	STREME-1	6.0e-011	chr15:56634373-56634424	9.67	tp	0
1-VCASCTGYYVYBBSCNNTB	STREME-1	6.0e-011	chr12:80203809-80203860	9.66	tp	0
1-VCASCTGYYVYBBSCNNTB	STREME-1	6.0e-011	chr8:123510941-123510992	9.63	tp	0
1-VCASCTGYYVYBBSCNNTB	STREME-1	6.0e-011	chr1:53824257-53824308	9.60	tp	0
1-VCASCTGYYVYBBSCNNTB	STREME-1	6.0e-011	chr1:90973680-90973731	9.58	tp	0
1-VCASCTGYYVYBBSCNNTB	STREME-1	6.0e-011	chr1:153556382-153556433	9.58	tp	1
1-VCASCTGYYVYBBSCNNTB	STREME-1	6.0e-011	chr9:50457720-50457771	9.57	tp	0
1-VCASCTGYYVYBBSCNNTB	STREME-1	6.0e-011	chr10:88057401-88057452	9.56	tp	0
1-VCASCTGYYVYBBSCNNTB	STREME-1	6.0e-011	chr15:25627130-25627181	9.53	tp	0
1-VCASCTGYYVYBBSCNNTB	STREME-1	6.0e-011	chr5:32830187-32830238	9.53	tp	0
1-VCASCTGYYVYBBSCNNTB	STREME-1	6.0e-011	chr12:73242169-73242220	9.52	tp	0
1-VCASCTGYYVYBBSCNNTB	STREME-1	6.0e-011	chr1:72951957-72952008	9.52	tp	0
1-VCASCTGYYVYBBSCNNTB	STREME-1	6.0e-011	chr15:54404851-54404902	9.51	tp	0
1-VCASCTGYYVYBBSCNNTB	STREME-1	6.0e-011	chr1:156957481-156957532	9.50	tp	0
1-VCASCTGYYVYBBSCNNTB	STREME-1	6.0e-011	chr4:123035779-123035830	9.49	tp	0
1-VCASCTGYYVYBBSCNNTB	STREME-1	6.0e-011	chr17:29053243-29053294	9.48	tp	0
1-VCASCTGYYVYBBSCNNTB	STREME-1	6.0e-011	chr15:65585727-65585778	9.47	tp	0
1-VCASCTGYYVYBBSCNNTB	STREME-1	6.0e-011	chr10:14041722-14041773	9.44	tp	0
1-VCASCTGYYVYBBSCNNTB	STREME-1	6.0e-011	chr2:93461337-93461388	9.41	tp	0
1-VCASCTGYYVYBBSCNNTB	STREME-1	6.0e-011	chr3:28417237-28417288	9.41	tp	0
1-VCASCTGYYVYBBSCNNTB	STREME-1	6.0e-011	chr3:19810141-19810192	9.38	tp	0
1-VCASCTGYYVYBBSCNNTB	STREME-1	6.0e-011	chr1:152203403-152203454	9.38	tp	1
1-VCASCTGYYVYBBSCNNTB	STREME-1	6.0e-011	chr10:25534066-25534117	9.37	tp	0
1-VCASCTGYYVYBBSCNNTB	STREME-1	6.0e-011	chr18:74794159-74794210	9.36	tp	0
1-VCASCTGYYVYBBSCNNTB	STREME-1	6.0e-011	chr17:45616210-45616261	9.35	tp	0
1-VCASCTGYYVYBBSCNNTB	STREME-1	6.0e-011	chr1:13385422-13385473	9.35	tp	0
1-VCASCTGYYVYBBSCNNTB	STREME-1	6.0e-011	chr9:71874937-71874988	9.34	tp	1
1-VCASCTGYYVYBBSCNNTB	STREME-1	6.0e-011	chr18:60963391-60963442	9.34	tp	1
1-VCASCTGYYVYBBSCNNTB	STREME-1	6.0e-011	chr13:55374391-55374442	9.33	fp	0
1-VCASCTGYYVYBBSCNNTB	STREME-1	6.0e-011	chr19:42000607-42000658	9.33	tp	0
1-VCASCTGYYVYBBSCNNTB	STREME-1	6.0e-011	chr13:63136133-63136184	9.33	tp	1
1-VCASCTGYYVYBBSCNNTB	STREME-1	6.0e-011	chr6:30866702-30866753	9.33	tp	1
1-VCASCTGYYVYBBSCNNTB	STREME-1	6.0e-011	chr14:66341357-66341408	9.32	tp	0
1-VCASCTGYYVYBBSCNNTB	STREME-1	6.0e-011	chr2:181561905-181561956	9.32	tp	0
1-VCASCTGYYVYBBSCNNTB	STREME-1	6.0e-011	chr2:113030817-113030868	9.31	tp	0
1-VCASCTGYYVYBBSCNNTB	STREME-1	6.0e-011	chr9:62083167-62083218	9.28	tp	0
1-VCASCTGYYVYBBSCNNTB	STREME-1	6.0e-011	chr3:88150529-88150580	9.27	tp	0
1-VCASCTGYYVYBBSCNNTB	STREME-1	6.0e-011	chr1:135795035-135795086	9.26	fp	0
1-VCASCTGYYVYBBSCNNTB	STREME-1	6.0e-011	chr6:30628291-30628342	9.23	tp	0
1-VCASCTGYYVYBBSCNNTB	STREME-1	6.0e-011	chr8:94733949-94734000	9.23	tp	0
1-VCASCTGYYVYBBSCNNTB	STREME-1	6.0e-011	chr16:17778383-17778434	9.23	tp	0
1-VCASCTGYYVYBBSCNNTB	STREME-1	6.0e-011	chr8:71521870-71521921	9.22	fp	0
1-VCASCTGYYVYBBSCNNTB	STREME-1	6.0e-011	chr1:135347066-135347117	9.22	tp	0
1-VCASCTGYYVYBBSCNNTB	STREME-1	6.0e-011	chr10:96399757-96399808	9.22	tp	0
1-VCASCTGYYVYBBSCNNTB	STREME-1	6.0e-011	chr14:62236165-62236216	9.21	tp	0
1-VCASCTGYYVYBBSCNNTB	STREME-1	6.0e-011	chr5:36301311-36301362	9.21	tp	0
1-VCASCTGYYVYBBSCNNTB	STREME-1	6.0e-011	chr2:173690056-173690107	9.20	tp	0
1-VCASCTGYYVYBBSCNNTB	STREME-1	6.0e-011	chr9:57601543-57601594	9.20	tp	0
1-VCASCTGYYVYBBSCNNTB	STREME-1	6.0e-011	chr17:8167643-8167694	9.20	fp	0
1-VCASCTGYYVYBBSCNNTB	STREME-1	6.0e-011	chr7:112229375-112229426	9.19	tp	1
1-VCASCTGYYVYBBSCNNTB	STREME-1	6.0e-011	chr8:122746591-122746642	9.19	tp	0
1-VCASCTGYYVYBBSCNNTB	STREME-1	6.0e-011	chr13:49345618-49345669	9.14	tp	0
1-VCASCTGYYVYBBSCNNTB	STREME-1	6.0e-011	chr18:46450099-46450150	9.13	tp	0
1-VCASCTGYYVYBBSCNNTB	STREME-1	6.0e-011	chr8:78813279-78813330	9.13	tp	0
1-VCASCTGYYVYBBSCNNTB	STREME-1	6.0e-011	chr2:116368968-116369019	9.12	tp	0
1-VCASCTGYYVYBBSCNNTB	STREME-1	6.0e-011	chr7:142600967-142601018	9.12	tp	0
1-VCASCTGYYVYBBSCNNTB	STREME-1	6.0e-011	chr2:32174232-32174283	9.11	tp	0
1-VCASCTGYYVYBBSCNNTB	STREME-1	6.0e-011	chr3:157910970-157911021	9.09	tp	0
1-VCASCTGYYVYBBSCNNTB	STREME-1	6.0e-011	chr3:58592825-58592876	9.07	tp	0
1-VCASCTGYYVYBBSCNNTB	STREME-1	6.0e-011	chr6:42385793-42385844	9.06	fp	0
1-VCASCTGYYVYBBSCNNTB	STREME-1	6.0e-011	chr8:126595520-126595571	9.06	tp	1
1-VCASCTGYYVYBBSCNNTB	STREME-1	6.0e-011	chr7:145335383-145335434	9.04	tp	0
1-VCASCTGYYVYBBSCNNTB	STREME-1	6.0e-011	chr16:93733277-93733328	9.00	tp	0
1-VCASCTGYYVYBBSCNNTB	STREME-1	6.0e-011	chr15:77788452-77788503	9.00	tp	0
1-VCASCTGYYVYBBSCNNTB	STREME-1	6.0e-011	chr8:120214104-120214155	9.00	tp	0
1-VCASCTGYYVYBBSCNNTB	STREME-1	6.0e-011	chr17:86988709-86988760	9.00	tp	0
1-VCASCTGYYVYBBSCNNTB	STREME-1	6.0e-011	chr1:71100055-71100106	8.98	fp	0
1-VCASCTGYYVYBBSCNNTB	STREME-1	6.0e-011	chr4:109106133-109106184	8.97	tp	0
1-VCASCTGYYVYBBSCNNTB	STREME-1	6.0e-011	chr18:53384132-53384183	8.97	fp	0
1-VCASCTGYYVYBBSCNNTB	STREME-1	6.0e-011	chr6:72200709-72200760	8.95	tp	0
1-VCASCTGYYVYBBSCNNTB	STREME-1	6.0e-011	chr15:75670428-75670479	8.95	tp	0
1-VCASCTGYYVYBBSCNNTB	STREME-1	6.0e-011	chr2:35898940-35898991	8.94	tp	0
1-VCASCTGYYVYBBSCNNTB	STREME-1	6.0e-011	chr10:93231688-93231739	8.92	tp	0
1-VCASCTGYYVYBBSCNNTB	STREME-1	6.0e-011	chr5:125116311-125116362	8.87	fp	1
1-VCASCTGYYVYBBSCNNTB	STREME-1	6.0e-011	chr16:20746858-20746909	8.86	tp	1
1-VCASCTGYYVYBBSCNNTB	STREME-1	6.0e-011	chr6:88886578-88886629	8.85	fp	0
1-VCASCTGYYVYBBSCNNTB	STREME-1	6.0e-011	chr12:84198253-84198304	8.83	tp	1
1-VCASCTGYYVYBBSCNNTB	STREME-1	6.0e-011	chr7:101834376-101834427	8.82	tp	1
1-VCASCTGYYVYBBSCNNTB	STREME-1	6.0e-011	chr18:5380817-5380868	8.81	tp	1
1-VCASCTGYYVYBBSCNNTB	STREME-1	6.0e-011	chr7:38125600-38125651	8.78	fp	0
1-VCASCTGYYVYBBSCNNTB	STREME-1	6.0e-011	chr2:29755856-29755907	8.77	tp	0
1-VCASCTGYYVYBBSCNNTB	STREME-1	6.0e-011	chr17:29118261-29118312	8.77	tp	0
1-VCASCTGYYVYBBSCNNTB	STREME-1	6.0e-011	chr11:62747383-62747434	8.76	tp	0
1-VCASCTGYYVYBBSCNNTB	STREME-1	6.0e-011	chr10:84060816-84060867	8.71	tp	0
1-VCASCTGYYVYBBSCNNTB	STREME-1	6.0e-011	chr12:100101841-100101892	8.70	tp	1
1-VCASCTGYYVYBBSCNNTB	STREME-1	6.0e-011	chr3:52603506-52603557	8.68	fp	0
1-VCASCTGYYVYBBSCNNTB	STREME-1	6.0e-011	chr10:78320095-78320146	8.67	fp	0
1-VCASCTGYYVYBBSCNNTB	STREME-1	6.0e-011	chr12:80124335-80124386	8.65	tp	0
1-VCASCTGYYVYBBSCNNTB	STREME-1	6.0e-011	chr7:112885662-112885713	8.64	tp	0
1-VCASCTGYYVYBBSCNNTB	STREME-1	6.0e-011	chr13:23372578-23372629	8.58	tp	0
1-VCASCTGYYVYBBSCNNTB	STREME-1	6.0e-011	chr5:144344747-144344798	8.55	fp	1
1-VCASCTGYYVYBBSCNNTB	STREME-1	6.0e-011	chr1:51243446-51243497	8.55	fp	0
1-VCASCTGYYVYBBSCNNTB	STREME-1	6.0e-011	chr9:25201133-25201184	8.55	tp	0
1-VCASCTGYYVYBBSCNNTB	STREME-1	6.0e-011	chr12:84819394-84819445	8.53	tp	0
1-VCASCTGYYVYBBSCNNTB	STREME-1	6.0e-011	chr9:67677047-67677098	8.51	fp	0
1-VCASCTGYYVYBBSCNNTB	STREME-1	6.0e-011	chr6:128236694-128236745	8.48	tp	0
1-VCASCTGYYVYBBSCNNTB	STREME-1	6.0e-011	chr6:84931192-84931243	8.46	tp	0
1-VCASCTGYYVYBBSCNNTB	STREME-1	6.0e-011	chr2:155606477-155606528	8.46	fp	0
1-VCASCTGYYVYBBSCNNTB	STREME-1	6.0e-011	chr10:21632845-21632896	8.44	fp	0
1-VCASCTGYYVYBBSCNNTB	STREME-1	6.0e-011	chr17:15440641-15440692	8.44	tp	0
1-VCASCTGYYVYBBSCNNTB	STREME-1	6.0e-011	chr3:128575900-128575951	8.42	tp	0
1-VCASCTGYYVYBBSCNNTB	STREME-1	6.0e-011	chr10:31603994-31604045	8.42	tp	0
1-VCASCTGYYVYBBSCNNTB	STREME-1	6.0e-011	chr1:134307537-134307588	8.39	tp	0
1-VCASCTGYYVYBBSCNNTB	STREME-1	6.0e-011	chr6:87075200-87075251	8.39	fp	1
1-VCASCTGYYVYBBSCNNTB	STREME-1	6.0e-011	chr5:142974853-142974904	8.38	tp	0
1-VCASCTGYYVYBBSCNNTB	STREME-1	6.0e-011	chr19:28946923-28946974	8.37	tp	0
1-VCASCTGYYVYBBSCNNTB	STREME-1	6.0e-011	chr1:71100055-71100106	8.37	tp	1
1-VCASCTGYYVYBBSCNNTB	STREME-1	6.0e-011	chr5:115026320-115026371	8.33	tp	0
1-VCASCTGYYVYBBSCNNTB	STREME-1	6.0e-011	chr9:57089402-57089453	8.33	tp	0
1-VCASCTGYYVYBBSCNNTB	STREME-1	6.0e-011	chr8:106044308-106044359	8.32	fp	0
1-VCASCTGYYVYBBSCNNTB	STREME-1	6.0e-011	chr17:79364829-79364880	8.32	tp	0
1-VCASCTGYYVYBBSCNNTB	STREME-1	6.0e-011	chr3:19237061-19237112	8.31	tp	0
1-VCASCTGYYVYBBSCNNTB	STREME-1	6.0e-011	chr8:95159469-95159520	8.31	tp	0
1-VCASCTGYYVYBBSCNNTB	STREME-1	6.0e-011	chr7:90312622-90312673	8.30	tp	0
1-VCASCTGYYVYBBSCNNTB	STREME-1	6.0e-011	chr5:36313522-36313573	8.30	tp	0
1-VCASCTGYYVYBBSCNNTB	STREME-1	6.0e-011	chr8:128594838-128594889	8.26	tp	0
1-VCASCTGYYVYBBSCNNTB	STREME-1	6.0e-011	chr18:5380817-5380868	8.26	fp	0
1-VCASCTGYYVYBBSCNNTB	STREME-1	6.0e-011	chr17:81676381-81676432	8.26	tp	0
1-VCASCTGYYVYBBSCNNTB	STREME-1	6.0e-011	chr10:59195039-59195090	8.24	tp	1
1-VCASCTGYYVYBBSCNNTB	STREME-1	6.0e-011	chr12:111696363-111696414	8.24	tp	0
1-VCASCTGYYVYBBSCNNTB	STREME-1	6.0e-011	chr19:41952424-41952475	8.23	fp	1
1-VCASCTGYYVYBBSCNNTB	STREME-1	6.0e-011	chr8:11348749-11348800	8.23	fp	0
1-VCASCTGYYVYBBSCNNTB	STREME-1	6.0e-011	chr2:120125125-120125176	8.18	tp	0
1-VCASCTGYYVYBBSCNNTB	STREME-1	6.0e-011	chr13:37692147-37692198	8.18	tp	0
1-VCASCTGYYVYBBSCNNTB	STREME-1	6.0e-011	chr16:86223169-86223220	8.16	tp	0
1-VCASCTGYYVYBBSCNNTB	STREME-1	6.0e-011	chr16:90765611-90765662	8.12	tp	0
1-VCASCTGYYVYBBSCNNTB	STREME-1	6.0e-011	chr6:116406303-116406354	8.12	tp	0
1-VCASCTGYYVYBBSCNNTB	STREME-1	6.0e-011	chr17:25509403-25509454	8.09	tp	0
1-VCASCTGYYVYBBSCNNTB	STREME-1	6.0e-011	chr13:29759860-29759911	8.09	tp	0
1-VCASCTGYYVYBBSCNNTB	STREME-1	6.0e-011	chr10:94550878-94550929	8.08	fp	0
1-VCASCTGYYVYBBSCNNTB	STREME-1	6.0e-011	chr10:21632845-21632896	8.08	tp	0
1-VCASCTGYYVYBBSCNNTB	STREME-1	6.0e-011	chr5:110526755-110526806	8.05	tp	0
1-VCASCTGYYVYBBSCNNTB	STREME-1	6.0e-011	chr7:34955417-34955468	8.04	tp	0
1-VCASCTGYYVYBBSCNNTB	STREME-1	6.0e-011	chr6:91137505-91137556	8.02	tp	1
1-VCASCTGYYVYBBSCNNTB	STREME-1	6.0e-011	chr2:52390616-52390667	8.02	tp	0
1-VCASCTGYYVYBBSCNNTB	STREME-1	6.0e-011	chrX:96120161-96120212	8.01	tp	0
1-VCASCTGYYVYBBSCNNTB	STREME-1	6.0e-011	chr12:33008401-33008452	7.97	tp	0
1-VCASCTGYYVYBBSCNNTB	STREME-1	6.0e-011	chr14:62236165-62236216	7.97	fp	0
1-VCASCTGYYVYBBSCNNTB	STREME-1	6.0e-011	chr2:179984897-179984948	7.97	tp	0
1-VCASCTGYYVYBBSCNNTB	STREME-1	6.0e-011	chr9:49925954-49926005	7.95	fp	0
1-VCASCTGYYVYBBSCNNTB	STREME-1	6.0e-011	chr1:36636657-36636708	7.92	tp	0
1-VCASCTGYYVYBBSCNNTB	STREME-1	6.0e-011	chr10:120411101-120411152	7.92	tp	0
1-VCASCTGYYVYBBSCNNTB	STREME-1	6.0e-011	chr11:7371986-7372037	7.92	fp	0
1-VCASCTGYYVYBBSCNNTB	STREME-1	6.0e-011	chr13:59652819-59652870	7.89	tp	0
1-VCASCTGYYVYBBSCNNTB	STREME-1	6.0e-011	chr1:166014640-166014691	7.89	tp	0
1-VCASCTGYYVYBBSCNNTB	STREME-1	6.0e-011	chr10:53467630-53467681	7.89	tp	0
1-VCASCTGYYVYBBSCNNTB	STREME-1	6.0e-011	chr19:56030125-56030176	7.88	tp	0
1-VCASCTGYYVYBBSCNNTB	STREME-1	6.0e-011	chr14:121397587-121397638	7.86	tp	0
1-VCASCTGYYVYBBSCNNTB	STREME-1	6.0e-011	chr10:126981099-126981150	7.85	tp	0
1-VCASCTGYYVYBBSCNNTB	STREME-1	6.0e-011	chr2:102117524-102117575	7.84	tp	0
1-VCASCTGYYVYBBSCNNTB	STREME-1	6.0e-011	chr9:50457720-50457771	7.82	fp	0
1-VCASCTGYYVYBBSCNNTB	STREME-1	6.0e-011	chr1:135528590-135528641	7.81	tp	0
1-VCASCTGYYVYBBSCNNTB	STREME-1	6.0e-011	chr5:35908236-35908287	7.78	tp	0
1-VCASCTGYYVYBBSCNNTB	STREME-1	6.0e-011	chr2:29663411-29663462	7.77	tp	0
1-VCASCTGYYVYBBSCNNTB	STREME-1	6.0e-011	chr14:37032630-37032681	7.76	tp	0
1-VCASCTGYYVYBBSCNNTB	STREME-1	6.0e-011	chr9:53609996-53610047	7.75	tp	0
1-VCASCTGYYVYBBSCNNTB	STREME-1	6.0e-011	chr12:80203809-80203860	7.74	fp	0
1-VCASCTGYYVYBBSCNNTB	STREME-1	6.0e-011	chr1:128444593-128444644	7.73	fp	0
1-VCASCTGYYVYBBSCNNTB	STREME-1	6.0e-011	chr11:58223804-58223855	7.67	fp	0
1-VCASCTGYYVYBBSCNNTB	STREME-1	6.0e-011	chr19:47222696-47222747	7.66	tp	0
1-VCASCTGYYVYBBSCNNTB	STREME-1	6.0e-011	chr2:91351981-91352032	7.63	tp	0
1-VCASCTGYYVYBBSCNNTB	STREME-1	6.0e-011	chr15:76485362-76485413	7.63	fp	1
1-VCASCTGYYVYBBSCNNTB	STREME-1	6.0e-011	chr13:45768397-45768448	7.62	tp	0
1-VCASCTGYYVYBBSCNNTB	STREME-1	6.0e-011	chr15:94024304-94024355	7.60	tp	0
1-VCASCTGYYVYBBSCNNTB	STREME-1	6.0e-011	chr10:5419709-5419760	7.59	tp	0
1-VCASCTGYYVYBBSCNNTB	STREME-1	6.0e-011	chr11:6477530-6477581	7.59	fp	0
1-VCASCTGYYVYBBSCNNTB	STREME-1	6.0e-011	chr8:78813279-78813330	7.59	fp	1
1-VCASCTGYYVYBBSCNNTB	STREME-1	6.0e-011	chrUn_JH584304:40192-40243	7.57	tp	0
1-VCASCTGYYVYBBSCNNTB	STREME-1	6.0e-011	chr17:44508339-44508390	7.57	tp	0
1-VCASCTGYYVYBBSCNNTB	STREME-1	6.0e-011	chr17:24137360-24137411	7.57	tp	0
1-VCASCTGYYVYBBSCNNTB	STREME-1	6.0e-011	chr7:93588199-93588250	7.57	tp	0
1-VCASCTGYYVYBBSCNNTB	STREME-1	6.0e-011	chr9:63049432-63049483	7.56	tp	0
1-VCASCTGYYVYBBSCNNTB	STREME-1	6.0e-011	chr1:75380094-75380145	7.56	tp	0
1-VCASCTGYYVYBBSCNNTB	STREME-1	6.0e-011	chr1:156957481-156957532	7.56	fp	0
1-VCASCTGYYVYBBSCNNTB	STREME-1	6.0e-011	chr14:25166344-25166395	7.56	tp	1
1-VCASCTGYYVYBBSCNNTB	STREME-1	6.0e-011	chr5:13908442-13908493	7.55	tp	0
1-VCASCTGYYVYBBSCNNTB	STREME-1	6.0e-011	chr11:49404793-49404844	7.52	tp	0
1-VCASCTGYYVYBBSCNNTB	STREME-1	6.0e-011	chr5:108436212-108436263	7.50	tp	0
1-VCASCTGYYVYBBSCNNTB	STREME-1	6.0e-011	chr2:92984865-92984916	7.50	tp	0
1-VCASCTGYYVYBBSCNNTB	STREME-1	6.0e-011	chr1:51243446-51243497	7.49	tp	0
1-VCASCTGYYVYBBSCNNTB	STREME-1	6.0e-011	chr3:157910970-157911021	7.48	fp	0
1-VCASCTGYYVYBBSCNNTB	STREME-1	6.0e-011	chr18:82991102-82991153	7.47	tp	0
1-VCASCTGYYVYBBSCNNTB	STREME-1	6.0e-011	chr2:27436467-27436518	7.46	tp	0
1-VCASCTGYYVYBBSCNNTB	STREME-1	6.0e-011	chr2:156192208-156192259	7.37	fp	0
1-VCASCTGYYVYBBSCNNTB	STREME-1	6.0e-011	chr16:49336060-49336111	7.37	tp	0
1-VCASCTGYYVYBBSCNNTB	STREME-1	6.0e-011	chr6:89347999-89348050	7.32	tp	0
1-VCASCTGYYVYBBSCNNTB	STREME-1	6.0e-011	chr7:93588199-93588250	7.31	fp	0
1-VCASCTGYYVYBBSCNNTB	STREME-1	6.0e-011	chr16:45796983-45797034	7.27	tp	0
1-VCASCTGYYVYBBSCNNTB	STREME-1	6.0e-011	chr2:168023729-168023780	7.27	tp	0
1-VCASCTGYYVYBBSCNNTB	STREME-1	6.0e-011	chr8:25554882-25554933	7.27	tp	0
1-VCASCTGYYVYBBSCNNTB	STREME-1	6.0e-011	chr1:56862970-56863021	7.26	tp	1
1-VCASCTGYYVYBBSCNNTB	STREME-1	6.0e-011	chr12:83848979-83849030	7.26	tp	0
1-VCASCTGYYVYBBSCNNTB	STREME-1	6.0e-011	chr10:99592257-99592308	7.26	tp	0
1-VCASCTGYYVYBBSCNNTB	STREME-1	6.0e-011	chr9:21625452-21625503	7.25	fp	0
1-VCASCTGYYVYBBSCNNTB	STREME-1	6.0e-011	chr4:40877134-40877185	7.23	tp	0
1-VCASCTGYYVYBBSCNNTB	STREME-1	6.0e-011	chr2:32174232-32174283	7.23	fp	0
1-VCASCTGYYVYBBSCNNTB	STREME-1	6.0e-011	chr19:41952424-41952475	7.23	tp	0
1-VCASCTGYYVYBBSCNNTB	STREME-1	6.0e-011	chr13:107678869-107678920	7.22	tp	0
1-VCASCTGYYVYBBSCNNTB	STREME-1	6.0e-011	chr7:45334669-45334720	7.22	tp	0
1-VCASCTGYYVYBBSCNNTB	STREME-1	6.0e-011	chr6:97227192-97227243	7.22	fp	0
1-VCASCTGYYVYBBSCNNTB	STREME-1	6.0e-011	chr2:19601521-19601572	7.21	tp	0
1-VCASCTGYYVYBBSCNNTB	STREME-1	6.0e-011	chr18:10784359-10784410	7.21	tp	0
1-VCASCTGYYVYBBSCNNTB	STREME-1	6.0e-011	chr5:140465043-140465094	7.20	tp	0
1-VCASCTGYYVYBBSCNNTB	STREME-1	6.0e-011	chr7:142500185-142500236	7.19	tp	0
1-VCASCTGYYVYBBSCNNTB	STREME-1	6.0e-011	chr6:113508438-113508489	7.18	fp	0
1-VCASCTGYYVYBBSCNNTB	STREME-1	6.0e-011	chr10:9005721-9005772	7.18	tp	0
1-VCASCTGYYVYBBSCNNTB	STREME-1	6.0e-011	chr17:29056824-29056875	7.16	tp	0
1-VCASCTGYYVYBBSCNNTB	STREME-1	6.0e-011	chr10:77470990-77471041	7.15	tp	0
1-VCASCTGYYVYBBSCNNTB	STREME-1	6.0e-011	chr17:84776730-84776781	7.15	tp	0
1-VCASCTGYYVYBBSCNNTB	STREME-1	6.0e-011	chr12:44344284-44344335	7.14	tp	0
1-VCASCTGYYVYBBSCNNTB	STREME-1	6.0e-011	chr5:21144655-21144706	7.14	tp	1
1-VCASCTGYYVYBBSCNNTB	STREME-1	6.0e-011	chr14:46898099-46898150	7.11	tp	0
1-VCASCTGYYVYBBSCNNTB	STREME-1	6.0e-011	chr18:61637781-61637832	7.11	tp	0
1-VCASCTGYYVYBBSCNNTB	STREME-1	6.0e-011	chr6:4701805-4701856	7.10	tp	1
1-VCASCTGYYVYBBSCNNTB	STREME-1	6.0e-011	chr13:55374391-55374442	7.08	tp	0
1-VCASCTGYYVYBBSCNNTB	STREME-1	6.0e-011	chr2:168023729-168023780	7.05	fp	0
1-VCASCTGYYVYBBSCNNTB	STREME-1	6.0e-011	chr10:14036660-14036711	7.04	tp	0
1-VCASCTGYYVYBBSCNNTB	STREME-1	6.0e-011	chr18:20809216-20809267	7.03	tp	0
1-VCASCTGYYVYBBSCNNTB	STREME-1	6.0e-011	chr8:14678116-14678167	7.02	tp	0
1-VCASCTGYYVYBBSCNNTB	STREME-1	6.0e-011	chr2:156192208-156192259	6.98	tp	0
1-VCASCTGYYVYBBSCNNTB	STREME-1	6.0e-011	chr13:24505968-24506019	6.95	tp	0
1-VCASCTGYYVYBBSCNNTB	STREME-1	6.0e-011	chr17:25925551-25925602	6.93	tp	0
1-VCASCTGYYVYBBSCNNTB	STREME-1	6.0e-011	chr3:5754827-5754878	6.93	tp	0
1-VCASCTGYYVYBBSCNNTB	STREME-1	6.0e-011	chr8:124286685-124286736	6.90	tp	1
1-VCASCTGYYVYBBSCNNTB	STREME-1	6.0e-011	chr1:131431985-131432036	6.90	tp	0
1-VCASCTGYYVYBBSCNNTB	STREME-1	6.0e-011	chr3:85209998-85210049	6.89	tp	0
1-VCASCTGYYVYBBSCNNTB	STREME-1	6.0e-011	chr6:89347999-89348050	6.89	fp	0
1-VCASCTGYYVYBBSCNNTB	STREME-1	6.0e-011	chr15:56634373-56634424	6.88	fp	0
1-VCASCTGYYVYBBSCNNTB	STREME-1	6.0e-011	chr10:24905292-24905343	6.88	tp	0
1-VCASCTGYYVYBBSCNNTB	STREME-1	6.0e-011	chr5:140465043-140465094	6.85	fp	0
1-VCASCTGYYVYBBSCNNTB	STREME-1	6.0e-011	chr5:131090002-131090053	6.82	tp	0
1-VCASCTGYYVYBBSCNNTB	STREME-1	6.0e-011	chr5:138694279-138694330	6.82	tp	0
1-VCASCTGYYVYBBSCNNTB	STREME-1	6.0e-011	chr17:68107990-68108041	6.82	fp	0
1-VCASCTGYYVYBBSCNNTB	STREME-1	6.0e-011	chr3:88150529-88150580	6.82	fp	0
1-VCASCTGYYVYBBSCNNTB	STREME-1	6.0e-011	chr5:110607993-110608044	6.81	tp	0
1-VCASCTGYYVYBBSCNNTB	STREME-1	6.0e-011	chr7:112229375-112229426	6.78	fp	0
1-VCASCTGYYVYBBSCNNTB	STREME-1	6.0e-011	chr1:151250959-151251010	6.76	tp	0
1-VCASCTGYYVYBBSCNNTB	STREME-1	6.0e-011	chr1:43260036-43260087	6.74	tp	0
1-VCASCTGYYVYBBSCNNTB	STREME-1	6.0e-011	chr5:93106194-93106245	6.73	tp	0
1-VCASCTGYYVYBBSCNNTB	STREME-1	6.0e-011	chr15:82135502-82135553	6.71	tp	0
1-VCASCTGYYVYBBSCNNTB	STREME-1	6.0e-011	chr8:127118376-127118427	6.70	tp	0
1-VCASCTGYYVYBBSCNNTB	STREME-1	6.0e-011	chr6:89059730-89059781	6.69	tp	0
1-VCASCTGYYVYBBSCNNTB	STREME-1	6.0e-011	chr11:50746651-50746702	6.67	tp	0
1-VCASCTGYYVYBBSCNNTB	STREME-1	6.0e-011	chr10:76002289-76002340	6.67	tp	0
1-VCASCTGYYVYBBSCNNTB	STREME-1	6.0e-011	chr11:59323092-59323143	6.65	fp	0
1-VCASCTGYYVYBBSCNNTB	STREME-1	6.0e-011	chr8:121286243-121286294	6.64	fp	0
1-VCASCTGYYVYBBSCNNTB	STREME-1	6.0e-011	chr6:55138435-55138486	6.63	tp	1
1-VCASCTGYYVYBBSCNNTB	STREME-1	6.0e-011	chr13:59519582-59519633	6.63	tp	0
1-VCASCTGYYVYBBSCNNTB	STREME-1	6.0e-011	chr11:59323092-59323143	6.61	tp	0
1-VCASCTGYYVYBBSCNNTB	STREME-1	6.0e-011	chr1:63239903-63239954	6.61	fp	0
1-VCASCTGYYVYBBSCNNTB	STREME-1	6.0e-011	chr8:123895352-123895403	6.61	tp	1
1-VCASCTGYYVYBBSCNNTB	STREME-1	6.0e-011	chr6:87075200-87075251	6.61	tp	1
1-VCASCTGYYVYBBSCNNTB	STREME-1	6.0e-011	chr19:46900020-46900071	6.59	tp	0
1-VCASCTGYYVYBBSCNNTB	STREME-1	6.0e-011	chr8:124286685-124286736	6.58	fp	0
1-VCASCTGYYVYBBSCNNTB	STREME-1	6.0e-011	chr6:31158867-31158918	6.58	fp	0
1-VCASCTGYYVYBBSCNNTB	STREME-1	6.0e-011	chr2:128321716-128321767	6.55	tp	0
1-VCASCTGYYVYBBSCNNTB	STREME-1	6.0e-011	chr9:56132262-56132313	6.50	tp	0
1-VCASCTGYYVYBBSCNNTB	STREME-1	6.0e-011	chr17:45616210-45616261	6.49	fp	0
1-VCASCTGYYVYBBSCNNTB	STREME-1	6.0e-011	chr12:108135928-108135979	6.49	tp	0
1-VCASCTGYYVYBBSCNNTB	STREME-1	6.0e-011	chr17:56594037-56594088	6.46	fp	0
1-VCASCTGYYVYBBSCNNTB	STREME-1	6.0e-011	chr15:27953732-27953783	6.45	tp	1
1-VCASCTGYYVYBBSCNNTB	STREME-1	6.0e-011	chr9:117068217-117068268	6.43	fp	0
1-VCASCTGYYVYBBSCNNTB	STREME-1	6.0e-011	chr8:72470134-72470185	6.43	tp	1
1-VCASCTGYYVYBBSCNNTB	STREME-1	6.0e-011	chr5:103778645-103778696	6.41	tp	0
1-VCASCTGYYVYBBSCNNTB	STREME-1	6.0e-011	chr14:63659121-63659172	6.41	tp	0
1-VCASCTGYYVYBBSCNNTB	STREME-1	6.0e-011	chr12:80879322-80879373	6.40	fp	0
1-VCASCTGYYVYBBSCNNTB	STREME-1	6.0e-011	chr1:179238787-179238838	6.38	fp	1
1-VCASCTGYYVYBBSCNNTB	STREME-1	6.0e-011	chr2:29663411-29663462	6.36	fp	0
1-VCASCTGYYVYBBSCNNTB	STREME-1	6.0e-011	chr10:61226905-61226956	6.35	tp	0
1-VCASCTGYYVYBBSCNNTB	STREME-1	6.0e-011	chr10:76002289-76002340	6.33	fp	0
1-VCASCTGYYVYBBSCNNTB	STREME-1	6.0e-011	chr2:25460617-25460668	6.31	fp	0
1-VCASCTGYYVYBBSCNNTB	STREME-1	6.0e-011	chr15:72884708-72884759	6.31	fp	0
1-VCASCTGYYVYBBSCNNTB	STREME-1	6.0e-011	chr1:131078936-131078987	6.30	tp	0
1-VCASCTGYYVYBBSCNNTB	STREME-1	6.0e-011	chr1:183309768-183309819	6.30	tp	0
1-VCASCTGYYVYBBSCNNTB	STREME-1	6.0e-011	chr6:4701805-4701856	6.26	fp	0
1-VCASCTGYYVYBBSCNNTB	STREME-1	6.0e-011	chr1:143904011-143904062	6.25	tp	0
1-VCASCTGYYVYBBSCNNTB	STREME-1	6.0e-011	chr4:152038320-152038371	6.24	fp	0
1-VCASCTGYYVYBBSCNNTB	STREME-1	6.0e-011	chr1:20058479-20058530	6.24	tp	1
1-VCASCTGYYVYBBSCNNTB	STREME-1	6.0e-011	chr13:100440236-100440287	6.22	tp	0
1-VCASCTGYYVYBBSCNNTB	STREME-1	6.0e-011	chr11:101485553-101485604	6.22	tp	0
1-VCASCTGYYVYBBSCNNTB	STREME-1	6.0e-011	chr6:72154142-72154193	6.22	tp	0
1-VCASCTGYYVYBBSCNNTB	STREME-1	6.0e-011	chr12:80812311-80812362	6.21	tp	0
1-VCASCTGYYVYBBSCNNTB	STREME-1	6.0e-011	chr5:36069683-36069734	6.18	fp	0
1-VCASCTGYYVYBBSCNNTB	STREME-1	6.0e-011	chr2:102293432-102293483	6.13	tp	0
1-VCASCTGYYVYBBSCNNTB	STREME-1	6.0e-011	chr10:4120804-4120855	6.13	tp	0
1-VCASCTGYYVYBBSCNNTB	STREME-1	6.0e-011	chr19:42000607-42000658	6.09	fp	0
1-VCASCTGYYVYBBSCNNTB	STREME-1	6.0e-011	chr16:45796983-45797034	6.08	fp	0
1-VCASCTGYYVYBBSCNNTB	STREME-1	6.0e-011	chr9:21625452-21625503	6.08	tp	0
1-VCASCTGYYVYBBSCNNTB	STREME-1	6.0e-011	chr8:121286243-121286294	6.06	tp	0
1-VCASCTGYYVYBBSCNNTB	STREME-1	6.0e-011	chr10:28186163-28186214	6.05	tp	0
1-VCASCTGYYVYBBSCNNTB	STREME-1	6.0e-011	chr2:27436467-27436518	6.04	fp	0
1-VCASCTGYYVYBBSCNNTB	STREME-1	6.0e-011	chr3:52603506-52603557	6.04	tp	0
1-VCASCTGYYVYBBSCNNTB	STREME-1	6.0e-011	chr9:77637508-77637559	6.00	tp	1
1-VCASCTGYYVYBBSCNNTB	STREME-1	6.0e-011	chr8:106534579-106534630	6.00	tp	1
1-VCASCTGYYVYBBSCNNTB	STREME-1	6.0e-011	chr19:7125686-7125737	5.99	fp	0
1-VCASCTGYYVYBBSCNNTB	STREME-1	6.0e-011	chr2:92984865-92984916	5.98	fp	0
1-VCASCTGYYVYBBSCNNTB	STREME-1	6.0e-011	chr14:21683965-21684016	5.93	tp	0
1-VCASCTGYYVYBBSCNNTB	STREME-1	6.0e-011	chr1:172169970-172170021	5.93	tp	0
1-VCASCTGYYVYBBSCNNTB	STREME-1	6.0e-011	chr15:86172310-86172361	5.92	tp	1
1-VCASCTGYYVYBBSCNNTB	STREME-1	6.0e-011	chr1:153107996-153108047	5.91	tp	0
1-VCASCTGYYVYBBSCNNTB	STREME-1	6.0e-011	chr12:24703175-24703226	5.89	fp	0
1-VCASCTGYYVYBBSCNNTB	STREME-1	6.0e-011	chr7:81854634-81854685	5.89	tp	0
1-VCASCTGYYVYBBSCNNTB	STREME-1	6.0e-011	chr6:82884745-82884796	5.88	fp	0
1-VCASCTGYYVYBBSCNNTB	STREME-1	6.0e-011	chr15:83127235-83127286	5.87	tp	0
1-VCASCTGYYVYBBSCNNTB	STREME-1	6.0e-011	chr18:57259135-57259186	5.81	fp	0
1-VCASCTGYYVYBBSCNNTB	STREME-1	6.0e-011	chr9:67114184-67114235	5.80	fp	0
1-VCASCTGYYVYBBSCNNTB	STREME-1	6.0e-011	chr8:35704977-35705028	5.79	tp	0
1-VCASCTGYYVYBBSCNNTB	STREME-1	6.0e-011	chr6:82884745-82884796	5.78	tp	0
1-VCASCTGYYVYBBSCNNTB	STREME-1	6.0e-011	chr4:119198185-119198236	5.75	fp	1
1-VCASCTGYYVYBBSCNNTB	STREME-1	6.0e-011	chr10:117721583-117721634	5.74	tp	0
1-VCASCTGYYVYBBSCNNTB	STREME-1	6.0e-011	chr8:106044308-106044359	5.74	tp	0
1-VCASCTGYYVYBBSCNNTB	STREME-1	6.0e-011	chr1:156046893-156046944	5.70	tp	0
1-VCASCTGYYVYBBSCNNTB	STREME-1	6.0e-011	chr12:111664502-111664553	5.70	tp	0
1-VCASCTGYYVYBBSCNNTB	STREME-1	6.0e-011	chr1:135836078-135836129	5.68	fp	0
1-VCASCTGYYVYBBSCNNTB	STREME-1	6.0e-011	chr12:82271605-82271656	5.68	tp	0
1-VCASCTGYYVYBBSCNNTB	STREME-1	6.0e-011	chr10:127501654-127501705	5.67	fp	0
1-VCASCTGYYVYBBSCNNTB	STREME-1	6.0e-011	chr13:49349488-49349539	5.66	tp	0
1-VCASCTGYYVYBBSCNNTB	STREME-1	6.0e-011	chr10:53469751-53469802	5.64	tp	0
1-VCASCTGYYVYBBSCNNTB	STREME-1	6.0e-011	chr12:80812311-80812362	5.62	fp	0
1-VCASCTGYYVYBBSCNNTB	STREME-1	6.0e-011	chr8:11753308-11753359	5.61	tp	0
1-VCASCTGYYVYBBSCNNTB	STREME-1	6.0e-011	chr9:62166292-62166343	5.58	fp	1
1-VCASCTGYYVYBBSCNNTB	STREME-1	6.0e-011	chr15:83469597-83469648	5.57	tp	0
1-VCASCTGYYVYBBSCNNTB	STREME-1	6.0e-011	chr6:128259392-128259443	5.57	tp	0
1-VCASCTGYYVYBBSCNNTB	STREME-1	6.0e-011	chr17:56261347-56261398	5.54	tp	0
1-VCASCTGYYVYBBSCNNTB	STREME-1	6.0e-011	chr2:181561905-181561956	5.54	fp	1
1-VCASCTGYYVYBBSCNNTB	STREME-1	6.0e-011	chr6:88886578-88886629	5.53	tp	0
1-VCASCTGYYVYBBSCNNTB	STREME-1	6.0e-011	chr2:73392919-73392970	5.52	fp	0
1-VCASCTGYYVYBBSCNNTB	STREME-1	6.0e-011	chr9:71874937-71874988	5.49	fp	0
1-VCASCTGYYVYBBSCNNTB	STREME-1	6.0e-011	chr12:74524187-74524238	5.48	tp	1
1-VCASCTGYYVYBBSCNNTB	STREME-1	6.0e-011	chr7:80166944-80166995	5.43	tp	0
1-VCASCTGYYVYBBSCNNTB	STREME-1	6.0e-011	chr2:62325551-62325602	5.40	tp	0
1-VCASCTGYYVYBBSCNNTB	STREME-1	6.0e-011	chr8:123510941-123510992	5.39	fp	0
1-VCASCTGYYVYBBSCNNTB	STREME-1	6.0e-011	chr2:27036138-27036189	5.39	fp	1
1-VCASCTGYYVYBBSCNNTB	STREME-1	6.0e-011	chr10:89827044-89827095	5.37	tp	0
1-VCASCTGYYVYBBSCNNTB	STREME-1	6.0e-011	chr18:67374288-67374339	5.37	tp	0
1-VCASCTGYYVYBBSCNNTB	STREME-1	6.0e-011	chr6:67138840-67138891	5.35	fp	1
1-VCASCTGYYVYBBSCNNTB	STREME-1	6.0e-011	chr9:117068217-117068268	5.32	tp	0
1-VCASCTGYYVYBBSCNNTB	STREME-1	6.0e-011	chr12:82226080-82226131	5.32	tp	0
1-VCASCTGYYVYBBSCNNTB	STREME-1	6.0e-011	chr10:126981099-126981150	5.28	fp	0
1-VCASCTGYYVYBBSCNNTB	STREME-1	6.0e-011	chr14:47802779-47802830	5.28	tp	0
1-VCASCTGYYVYBBSCNNTB	STREME-1	6.0e-011	chr8:81827442-81827493	5.23	tp	0
1-VCASCTGYYVYBBSCNNTB	STREME-1	6.0e-011	chr1:56089546-56089597	5.23	tp	0
1-VCASCTGYYVYBBSCNNTB	STREME-1	6.0e-011	chr14:89557451-89557502	5.22	tp	0
1-VCASCTGYYVYBBSCNNTB	STREME-1	6.0e-011	chr11:76493978-76494029	5.20	tp	0
1-VCASCTGYYVYBBSCNNTB	STREME-1	6.0e-011	chr4:118040747-118040798	5.20	tp	0
1-VCASCTGYYVYBBSCNNTB	STREME-1	6.0e-011	chr9:65459155-65459206	5.18	fp	0
1-VCASCTGYYVYBBSCNNTB	STREME-1	6.0e-011	chr17:12195336-12195387	5.15	tp	0
#
2-TGGCAGACA	STREME-2	1.2e-001	chr10:31596971-31597022	14.23	tp	0
2-TGGCAGACA	STREME-2	1.2e-001	chr10:120411101-120411152	14.22	tp	0
2-TGGCAGACA	STREME-2	1.2e-001	chr8:93569829-93569880	14.14	tp	0
2-TGGCAGACA	STREME-2	1.2e-001	chr15:57796518-57796569	14.14	tp	1
2-TGGCAGACA	STREME-2	1.2e-001	chr2:92947985-92948036	12.86	tp	0
2-TGGCAGACA	STREME-2	1.2e-001	chr1:135795035-135795086	12.86	tp	0
2-TGGCAGACA	STREME-2	1.2e-001	chr1:134160529-134160580	12.86	tp	0
2-TGGCAGACA	STREME-2	1.2e-001	chr6:120183922-120183973	12.79	tp	0
2-TGGCAGACA	STREME-2	1.2e-001	chr1:179238787-179238838	12.79	tp	0
2-TGGCAGACA	STREME-2	1.2e-001	chr11:59323092-59323143	12.79	tp	0
2-TGGCAGACA	STREME-2	1.2e-001	chr10:96399757-96399808	12.79	tp	0
2-TGGCAGACA	STREME-2	1.2e-001	chr9:50440814-50440865	12.79	tp	0
2-TGGCAGACA	STREME-2	1.2e-001	chr12:69723003-69723054	12.78	tp	0
2-TGGCAGACA	STREME-2	1.2e-001	chr2:181561905-181561956	12.78	tp	0
2-TGGCAGACA	STREME-2	1.2e-001	chr2:27436467-27436518	12.78	tp	0
2-TGGCAGACA	STREME-2	1.2e-001	chr8:126595520-126595571	12.78	tp	1
2-TGGCAGACA	STREME-2	1.2e-001	chr8:72470134-72470185	12.78	tp	1
2-TGGCAGACA	STREME-2	1.2e-001	chr1:79317358-79317409	12.71	tp	0
2-TGGCAGACA	STREME-2	1.2e-001	chr4:127300623-127300674	12.71	tp	0
2-TGGCAGACA	STREME-2	1.2e-001	chr10:76002289-76002340	12.71	tp	0
2-TGGCAGACA	STREME-2	1.2e-001	chr10:80911450-80911501	12.71	tp	0
2-TGGCAGACA	STREME-2	1.2e-001	chr12:31926937-31926988	12.71	tp	0
2-TGGCAGACA	STREME-2	1.2e-001	chr8:46512773-46512824	12.12	tp	0
2-TGGCAGACA	STREME-2	1.2e-001	chr13:24505968-24506019	12.12	tp	0
#
3-GAGTGACAGT	STREME-3	6.3e-001	chr13:99259552-99259603	16.86	tp	0
3-GAGTGACAGT	STREME-3	6.3e-001	chr2:173690056-173690107	16.86	tp	0
3-GAGTGACAGT	STREME-3	6.3e-001	chr18:82991102-82991153	15.49	tp	0
3-GAGTGACAGT	STREME-3	6.3e-001	chr2:156180403-156180454	15.49	tp	0
3-GAGTGACAGT	STREME-3	6.3e-001	chr15:36976187-36976238	15.49	tp	0
3-GAGTGACAGT	STREME-3	6.3e-001	chr2:25460617-25460668	14.91	tp	0
3-GAGTGACAGT	STREME-3	6.3e-001	chr17:80625095-80625146	14.37	tp	0
3-GAGTGACAGT	STREME-3	6.3e-001	chr12:85227379-85227430	13.92	tp	0
3-GAGTGACAGT	STREME-3	6.3e-001	chr10:82241322-82241373	13.92	tp	0
3-GAGTGACAGT	STREME-3	6.3e-001	chr10:126981099-126981150	13.92	tp	0
3-GAGTGACAGT	STREME-3	6.3e-001	chr8:46512773-46512824	13.46	tp	0
3-GAGTGACAGT	STREME-3	6.3e-001	chr2:130769729-130769780	13.46	tp	0
3-GAGTGACAGT	STREME-3	6.3e-001	chr6:48517923-48517974	13.46	fp	0
3-GAGTGACAGT	STREME-3	6.3e-001	chr7:81854634-81854685	13.09	tp	0
3-GAGTGACAGT	STREME-3	6.3e-001	chr6:84022141-84022192	12.98	tp	0
3-GAGTGACAGT	STREME-3	6.3e-001	chr3:58592825-58592876	12.87	tp	0
3-GAGTGACAGT	STREME-3	6.3e-001	chr16:21293745-21293796	12.86	tp	0
3-GAGTGACAGT	STREME-3	6.3e-001	chr19:40429282-40429333	12.86	tp	0
3-GAGTGACAGT	STREME-3	6.3e-001	chr19:44576477-44576528	12.86	tp	1
3-GAGTGACAGT	STREME-3	6.3e-001	chr13:49349488-49349539	12.75	tp	0
3-GAGTGACAGT	STREME-3	6.3e-001	chr3:19810141-19810192	12.55	tp	0
3-GAGTGACAGT	STREME-3	6.3e-001	chr9:67114184-67114235	12.55	tp	0
3-GAGTGACAGT	STREME-3	6.3e-001	chr9:50440814-50440865	12.55	tp	0
3-GAGTGACAGT	STREME-3	6.3e-001	chr2:179984897-179984948	12.55	fp	0
3-GAGTGACAGT	STREME-3	6.3e-001	chr10:25534066-25534117	12.46	tp	0
3-GAGTGACAGT	STREME-3	6.3e-001	chr3:28417237-28417288	12.46	tp	0
3-GAGTGACAGT	STREME-3	6.3e-001	chr12:100101841-100101892	12.46	tp	1
3-GAGTGACAGT	STREME-3	6.3e-001	chr6:87075200-87075251	11.96	fp	1
3-GAGTGACAGT	STREME-3	6.3e-001	chr1:134307537-134307588	11.49	tp	0
3-GAGTGACAGT	STREME-3	6.3e-001	chr18:10784359-10784410	11.43	tp	0
3-GAGTGACAGT	STREME-3	6.3e-001	chr6:147788241-147788292	11.43	fp	0
3-GAGTGACAGT	STREME-3	6.3e-001	chr1:135528590-135528641	11.04	tp	0
3-GAGTGACAGT	STREME-3	6.3e-001	chr14:46898099-46898150	10.91	tp	0
3-GAGTGACAGT	STREME-3	6.3e-001	chr13:107678869-107678920	10.91	fp	0
3-GAGTGACAGT	STREME-3	6.3e-001	chr17:68046411-68046462	10.73	tp	0
3-GAGTGACAGT	STREME-3	6.3e-001	chr9:15104111-15104162	10.51	tp	0
3-GAGTGACAGT	STREME-3	6.3e-001	chr6:48517923-48517974	10.51	tp	0
3-GAGTGACAGT	STREME-3	6.3e-001	chr1:20669933-20669984	10.51	fp	0
3-GAGTGACAGT	STREME-3	6.3e-001	chr10:80914305-80914356	10.51	fp	0
3-GAGTGACAGT	STREME-3	6.3e-001	chr15:76867767-76867818	10.51	tp	1
3-GAGTGACAGT	STREME-3	6.3e-001	chr3:5754827-5754878	10.50	fp	0
3-GAGTGACAGT	STREME-3	6.3e-001	chr12:101770767-101770818	10.40	tp	0
3-GAGTGACAGT	STREME-3	6.3e-001	chr13:59652819-59652870	10.34	tp	0
3-GAGTGACAGT	STREME-3	6.3e-001	chr15:36976187-36976238	10.34	fp	0
3-GAGTGACAGT	STREME-3	6.3e-001	chr8:124286685-124286736	10.34	tp	1
3-GAGTGACAGT	STREME-3	6.3e-001	chr10:85003774-85003825	9.97	fp	0
3-GAGTGACAGT	STREME-3	6.3e-001	chr11:88231358-88231409	9.93	tp	0
3-GAGTGACAGT	STREME-3	6.3e-001	chr4:129829843-129829894	9.93	tp	0
3-GAGTGACAGT	STREME-3	6.3e-001	chr14:20668319-20668370	9.67	tp	0
3-GAGTGACAGT	STREME-3	6.3e-001	chr13:45768397-45768448	9.67	fp	0
3-GAGTGACAGT	STREME-3	6.3e-001	chr9:94670401-94670452	9.51	tp	0
3-GAGTGACAGT	STREME-3	6.3e-001	chr1:92699146-92699197	9.51	tp	0
3-GAGTGACAGT	STREME-3	6.3e-001	chr1:179238787-179238838	9.51	tp	0
3-GAGTGACAGT	STREME-3	6.3e-001	chr10:59179787-59179838	9.51	fp	0
3-GAGTGACAGT	STREME-3	6.3e-001	chr14:73599834-73599885	9.36	tp	0
3-GAGTGACAGT	STREME-3	6.3e-001	chr7:16004584-16004635	9.15	fp	1
3-GAGTGACAGT	STREME-3	6.3e-001	chr10:14041722-14041773	9.12	tp	0
3-GAGTGACAGT	STREME-3	6.3e-001	chr6:55138435-55138486	9.10	tp	1
3-GAGTGACAGT	STREME-3	6.3e-001	chr13:29759860-29759911	9.05	tp	0
3-GAGTGACAGT	STREME-3	6.3e-001	chr10:93231688-93231739	9.05	fp	0
3-GAGTGACAGT	STREME-3	6.3e-001	chr9:21625452-21625503	9.03	tp	0
3-GAGTGACAGT	STREME-3	6.3e-001	chr10:15406338-15406389	8.89	fp	1
3-GAGTGACAGT	STREME-3	6.3e-001	chr10:94550878-94550929	8.75	tp	0
3-GAGTGACAGT	STREME-3	6.3e-001	chr5:103789936-103789987	8.69	tp	0
3-GAGTGACAGT	STREME-3	6.3e-001	chr1:179238787-179238838	8.69	fp	1
3-GAGTGACAGT	STREME-3	6.3e-001	chr13:49554656-49554707	8.69	fp	1
3-GAGTGACAGT	STREME-3	6.3e-001	chr18:57259135-57259186	8.59	tp	0
3-GAGTGACAGT	STREME-3	6.3e-001	chr6:147788241-147788292	8.48	tp	0
3-GAGTGACAGT	STREME-3	6.3e-001	chr12:13053396-13053447	8.48	tp	0
3-GAGTGACAGT	STREME-3	6.3e-001	chr5:144344747-144344798	8.47	tp	0
#
4-CCCACCCCC	STREME-4	1.0e+000	chr15:100414128-100414179	15.99	tp	0
4-CCCACCCCC	STREME-4	1.0e+000	chr12:83848979-83849030	15.99	tp	0
4-CCCACCCCC	STREME-4	1.0e+000	chr2:181550385-181550436	15.99	tp	0
4-CCCACCCCC	STREME-4	1.0e+000	chr2:27036138-27036189	13.48	tp	0
4-CCCACCCCC	STREME-4	1.0e+000	chr1:36636657-36636708	13.48	tp	0
4-CCCACCCCC	STREME-4	1.0e+000	chr18:57212378-57212429	13.48	tp	0
4-CCCACCCCC	STREME-4	1.0e+000	chr13:107678869-107678920	13.48	tp	0
4-CCCACCCCC	STREME-4	1.0e+000	chr2:27471428-27471479	13.48	tp	0
4-CCCACCCCC	STREME-4	1.0e+000	chr12:101770767-101770818	13.24	tp	0
4-CCCACCCCC	STREME-4	1.0e+000	chr7:80166944-80166995	13.24	tp	0
4-CCCACCCCC	STREME-4	1.0e+000	chr2:104151188-104151239	12.98	tp	0
4-CCCACCCCC	STREME-4	1.0e+000	chr5:36301311-36301362	12.98	tp	0
4-CCCACCCCC	STREME-4	1.0e+000	chr6:128236694-128236745	12.95	tp	0
4-CCCACCCCC	STREME-4	1.0e+000	chr17:15440641-15440692	12.95	tp	0
4-CCCACCCCC	STREME-4	1.0e+000	chr2:92947985-92948036	12.44	tp	0
4-CCCACCCCC	STREME-4	1.0e+000	chr6:128259392-128259443	12.34	tp	0
4-CCCACCCCC	STREME-4	1.0e+000	chr10:96399757-96399808	12.08	tp	0
