motif_ID	motif_ALT_ID	seq_ID	site_Start	site_End	site_Strand	site_Score	site_Sequence
1-VCASCTGYYVYBBSCNNTB	STREME-1	chr3	122415040	122415058	+	17.13	GCAGCTGTTCCCGGGCGTC
1-VCASCTGYYVYBBSCNNTB	STREME-1	chr6	72027178	72027196	-	16.94	GCACCTGTCCCGCCCCATC
1-VCASCTGYYVYBBSCNNTB	STREME-1	chr18	53384176	53384194	+	16.48	ACACCTGCCACCGCTCATC
1-VCASCTGYYVYBBSCNNTB	STREME-1	chr11	6274822	6274840	+	16.38	ACACCTGCCATTGCGCCTC
1-VCASCTGYYVYBBSCNNTB	STREME-1	chr8	122850806	122850824	-	15.51	GCAGCTGTCCCTGCCGATC
1-VCASCTGYYVYBBSCNNTB	STREME-1	chr5	136532215	136532233	+	15.37	ACACCTGTTACTGGCTCTT
1-VCASCTGYYVYBBSCNNTB	STREME-1	chr2	60710544	60710562	-	15.26	GCAGCTGTTACAGCCGATA
1-VCASCTGYYVYBBSCNNTB	STREME-1	chr6	127969851	127969869	-	15.02	GCATCTGTTATCTCGTGTC
1-VCASCTGYYVYBBSCNNTB	STREME-1	chr2	167330826	167330844	-	14.98	GCACCTGCTACCCTCAATC
1-VCASCTGYYVYBBSCNNTB	STREME-1	chr1	57388074	57388092	+	14.73	CCAGCTGCTACTGGCAATC
1-VCASCTGYYVYBBSCNNTB	STREME-1	chr7	16004617	16004635	+	14.63	CCACCTGTTGTTTCCCATC
1-VCASCTGYYVYBBSCNNTB	STREME-1	chr17	6959021	6959039	-	14.60	ACACTTGCTACTCCCCATC
1-VCASCTGYYVYBBSCNNTB	STREME-1	chr17	8167676	8167694	+	14.60	ACACTTGCTACTCCCCATC
1-VCASCTGYYVYBBSCNNTB	STREME-1	chr6	42385834	42385852	+	14.44	ACAGCTGTTGCCGTCCATC
1-VCASCTGYYVYBBSCNNTB	STREME-1	chr11	58223837	58223855	+	14.37	GCACCTGCCGCTGCTCCTT
1-VCASCTGYYVYBBSCNNTB	STREME-1	chr11	110874709	110874727	+	14.33	GCACCTGCTACTGTCGGGC
1-VCASCTGYYVYBBSCNNTB	STREME-1	chr6	29941239	29941257	+	14.16	GCACCTGTCCCTGTATATC
1-VCASCTGYYVYBBSCNNTB	STREME-1	chr18	77825366	77825384	-	14.03	GCACCTGCCTCGGGGTGTC
1-VCASCTGYYVYBBSCNNTB	STREME-1	chr10	67019107	67019125	+	13.65	ACACCTGCTGCTCCGCTTT
1-VCASCTGYYVYBBSCNNTB	STREME-1	chr13	58309697	58309715	-	13.63	GCACCTGCTCCCGGGGCTC
1-VCASCTGYYVYBBSCNNTB	STREME-1	chr2	6667732	6667750	+	13.59	CCACCTGCTCTTAGATTTC
1-VCASCTGYYVYBBSCNNTB	STREME-1	chr1	168743585	168743603	-	13.31	CCACCTGTCTATTCCCATA
1-VCASCTGYYVYBBSCNNTB	STREME-1	chr18	57212422	57212440	+	13.30	CCACCTGCCATTGCCTGTC
1-VCASCTGYYVYBBSCNNTB	STREME-1	chr2	181550426	181550444	+	13.14	CCACCTGTCACTATCAATG
1-VCASCTGYYVYBBSCNNTB	STREME-1	chr2	155606530	155606548	+	13.13	CCACCTGTTCCAGCCCGGG
1-VCASCTGYYVYBBSCNNTB	STREME-1	chr9	62166329	62166347	+	13.10	ACACCTGCTATGGCCTGTC
1-VCASCTGYYVYBBSCNNTB	STREME-1	chr2	120146730	120146748	+	13.07	CCACCTGTCTCTGCCCCTC
1-VCASCTGYYVYBBSCNNTB	STREME-1	chr6	147788264	147788282	-	13.02	CCACCTGTCACCCCACTTA
1-VCASCTGYYVYBBSCNNTB	STREME-1	chr11	11855202	11855220	-	13.02	CCACCTGCTCGCTGCCATC
1-VCASCTGYYVYBBSCNNTB	STREME-1	chr2	73392948	73392966	+	12.99	ACAGCTGCTAGTGCCTTTT
1-VCASCTGYYVYBBSCNNTB	STREME-1	chr3	53416279	53416297	+	12.96	CCATCTGTTCCTTGCTTAC
1-VCASCTGYYVYBBSCNNTB	STREME-1	chr12	17225170	17225188	+	12.93	GCACCTGTCACCGCAGGCC
1-VCASCTGYYVYBBSCNNTB	STREME-1	chr12	104993127	104993145	-	12.89	TCACCTGCTCTTGCCAATC
1-VCASCTGYYVYBBSCNNTB	STREME-1	chr1	92699217	92699235	-	12.83	ACAGGTGCCACCGCCCCCG
1-VCASCTGYYVYBBSCNNTB	STREME-1	chr4	127300674	127300692	-	12.82	GCAGCTGCTCTAGCTAATC
1-VCASCTGYYVYBBSCNNTB	STREME-1	chr11	47766066	47766084	-	12.82	CCACCTGTCTCTTTCCATC
1-VCASCTGYYVYBBSCNNTB	STREME-1	chr1	89637881	89637899	-	12.80	GCAGCTGCCCCGGCCACCT
1-VCASCTGYYVYBBSCNNTB	STREME-1	chr2	113980731	113980749	+	12.79	CCACCTGCCACCCCTTCTC
1-VCASCTGYYVYBBSCNNTB	STREME-1	chr14	30137230	30137248	-	12.77	CCAGCTGTTGCTGCCCTTT
1-VCASCTGYYVYBBSCNNTB	STREME-1	chr10	85003818	85003836	-	12.76	ACAGCTGTCGCTGTCATTA
1-VCASCTGYYVYBBSCNNTB	STREME-1	chr3	114757474	114757492	+	12.73	CCAGCTGTTACCTGGTTTT
1-VCASCTGYYVYBBSCNNTB	STREME-1	chr7	46378370	46378388	-	12.68	GCACCTGATAAATCGCATT
1-VCASCTGYYVYBBSCNNTB	STREME-1	chr16	24635497	24635515	+	12.67	ACACCTGCTGTTGGCCATT
1-VCASCTGYYVYBBSCNNTB	STREME-1	chr1	135836079	135836097	+	12.64	GCATCTGCTTTATCGGGAT
1-VCASCTGYYVYBBSCNNTB	STREME-1	chr1	20633663	20633681	+	12.57	CCACCTGCCCCCTCTCCTC
1-VCASCTGYYVYBBSCNNTB	STREME-1	chr2	60689078	60689096	+	12.56	TCAGCTGCTCCCCGCCCTT
1-VCASCTGYYVYBBSCNNTB	STREME-1	chr1	128444614	128444632	-	12.54	CCACCTGTTACTGTGATTG
1-VCASCTGYYVYBBSCNNTB	STREME-1	chr17	88042521	88042539	-	12.49	ACACCTGCCCTGCCCAATC
1-VCASCTGYYVYBBSCNNTB	STREME-1	chr6	29941228	29941246	-	12.47	ACAGGTGCCGCTACCTCTT
1-VCASCTGYYVYBBSCNNTB	STREME-1	chr10	15406363	15406381	-	12.46	CCAGCTGTTACTGCCACTG
1-VCASCTGYYVYBBSCNNTB	STREME-1	chr19	44576522	44576540	+	12.45	GCACCTGTCGCCACTCCCT
1-VCASCTGYYVYBBSCNNTB	STREME-1	chr16	38370866	38370884	-	12.45	CCACCTGCTCCTCCCTGTC
1-VCASCTGYYVYBBSCNNTB	STREME-1	chr5	33656905	33656923	+	12.44	ACACCTGCCTCTGCCTCTC
1-VCASCTGYYVYBBSCNNTB	STREME-1	chr1	135795069	135795087	-	12.41	CCAGCTGCCCCGGCATTGT
1-VCASCTGYYVYBBSCNNTB	STREME-1	chr12	13053439	13053457	-	12.39	GCAGCTGTTCCCTCACTTT
1-VCASCTGYYVYBBSCNNTB	STREME-1	chr10	59179844	59179862	+	12.34	ACAGCTGCTACGCACGCCT
1-VCASCTGYYVYBBSCNNTB	STREME-1	chr2	114144042	114144060	+	12.31	ACACCTGTCACTGGGCCTT
1-VCASCTGYYVYBBSCNNTB	STREME-1	chr7	143008253	143008271	-	12.31	CCACCTGTTTACTGCCTTC
1-VCASCTGYYVYBBSCNNTB	STREME-1	chr2	59373304	59373322	+	12.31	ACACCTGCCGTTTCACTGC
1-VCASCTGYYVYBBSCNNTB	STREME-1	chr14	77464870	77464888	+	12.27	GCATCTGTTTCGTGATGAC
1-VCASCTGYYVYBBSCNNTB	STREME-1	chr15	31269766	31269784	-	12.17	GCACCTGCTCCTGGGCATC
1-VCASCTGYYVYBBSCNNTB	STREME-1	chr5	88711300	88711318	-	12.16	ACACCTGCTTCTTGGCATC
1-VCASCTGYYVYBBSCNNTB	STREME-1	chr5	24600384	24600402	+	12.16	GCAGCTGTCTCTGCCCATC
1-VCASCTGYYVYBBSCNNTB	STREME-1	chr11	69368037	69368055	-	12.16	TCACCTGCCACTGGCGTAG
1-VCASCTGYYVYBBSCNNTB	STREME-1	chr12	70680180	70680198	+	12.13	ACAGCTGCTGTTTCGTGCG
1-VCASCTGYYVYBBSCNNTB	STREME-1	chr1	92776537	92776555	+	12.05	GCACCTGTCATTCCATGAT
1-VCASCTGYYVYBBSCNNTB	STREME-1	chr6	31158938	31158956	+	12.05	CCAGCTGCCCCGCCCTGGC
1-VCASCTGYYVYBBSCNNTB	STREME-1	chr9	49926033	49926051	-	11.98	ACACCTGCTTAAGTCCATC
1-VCASCTGYYVYBBSCNNTB	STREME-1	chr6	67138874	67138892	+	11.95	GCAGCTGCCACATCCCTTT
1-VCASCTGYYVYBBSCNNTB	STREME-1	chr11	59805479	59805497	-	11.93	CCACCTGTCACTGTCACTC
1-VCASCTGYYVYBBSCNNTB	STREME-1	chr2	16484162	16484180	-	11.92	CCATCTGTCACTGCATATG
1-VCASCTGYYVYBBSCNNTB	STREME-1	chr2	104151226	104151244	+	11.86	CCACCTGTCTCAGGCCATC
1-VCASCTGYYVYBBSCNNTB	STREME-1	chr6	127969884	127969902	+	11.86	ACAGCTGCTATTCCCCAAA
1-VCASCTGYYVYBBSCNNTB	STREME-1	chr2	27036165	27036183	+	11.83	GCACCTGTTCCGAGCCTGT
1-VCASCTGYYVYBBSCNNTB	STREME-1	chr6	67138853	67138871	-	11.81	ACACCTGTTCGCCCAGAAT
1-VCASCTGYYVYBBSCNNTB	STREME-1	chr18	35272693	35272711	-	11.80	GCAGCTGCTACTGACCCTC
1-VCASCTGYYVYBBSCNNTB	STREME-1	chr5	124166472	124166490	-	11.79	CCAGCTGCCCCCTCACTAC
1-VCASCTGYYVYBBSCNNTB	STREME-1	chr15	75758170	75758188	+	11.78	GCACCTGTCGTGGGGCTAA
1-VCASCTGYYVYBBSCNNTB	STREME-1	chr17	85087760	85087778	-	11.76	GCACCTGTTGTCCCCGTGT
1-VCASCTGYYVYBBSCNNTB	STREME-1	chr12	69723039	69723057	+	11.70	GCAGCTGCTATAGCCCAGT
1-VCASCTGYYVYBBSCNNTB	STREME-1	chr2	114048431	114048449	-	11.70	CCACCTGTTCCTAGCAGTG
1-VCASCTGYYVYBBSCNNTB	STREME-1	chr4	129828284	129828302	+	11.70	GCAGCTGCTACAGTCATTC
1-VCASCTGYYVYBBSCNNTB	STREME-1	chr2	156180434	156180452	-	11.70	CCAACTGTCTTTGCCCGAT
1-VCASCTGYYVYBBSCNNTB	STREME-1	chr5	65911858	65911876	-	11.67	GCATCTGTTCCCCGGATGC
1-VCASCTGYYVYBBSCNNTB	STREME-1	chr16	30517809	30517827	+	11.66	CCATCTGGTATTGCAAGTG
1-VCASCTGYYVYBBSCNNTB	STREME-1	chr8	35468329	35468347	-	11.66	GCAGCTGTCCCCCCCTGCG
1-VCASCTGYYVYBBSCNNTB	STREME-1	chr2	25460670	25460688	-	11.66	GCACCTGCTTCTCGCCTGA
1-VCASCTGYYVYBBSCNNTB	STREME-1	chr2	91035585	91035603	-	11.64	GCAGCTGTCCCTGCCAGTT
1-VCASCTGYYVYBBSCNNTB	STREME-1	chr9	35041664	35041682	+	11.63	TCAGCTGCTCTTCCCGATG
1-VCASCTGYYVYBBSCNNTB	STREME-1	chr1	59195164	59195182	-	11.60	ACACCTGTTGTGGGGAGTT
1-VCASCTGYYVYBBSCNNTB	STREME-1	chr10	66819717	66819735	+	11.58	ACACCTGCTGTTGCCAGTA
1-VCASCTGYYVYBBSCNNTB	STREME-1	chr13	30657024	30657042	-	11.54	CCACCTGTTCCCAGCCCTC
1-VCASCTGYYVYBBSCNNTB	STREME-1	chr1	62784200	62784218	-	11.47	CCATCTGTTGCTGCTCTTC
1-VCASCTGYYVYBBSCNNTB	STREME-1	chr15	42483615	42483633	-	11.47	ACAGCTGCCGGTCTCACTT
1-VCASCTGYYVYBBSCNNTB	STREME-1	chr9	52800644	52800662	+	11.46	GCATCTGTTGCTGCTCTTT
1-VCASCTGYYVYBBSCNNTB	STREME-1	chr5	139216990	139217008	+	11.45	ACACCTGCTAACCCATTCC
1-VCASCTGYYVYBBSCNNTB	STREME-1	chr10	45076754	45076772	-	11.45	CCACCTGCTGCTGCCACTC
1-VCASCTGYYVYBBSCNNTB	STREME-1	chr5	144344791	144344809	-	11.44	GCACCTGTTATCTGTTTTG
1-VCASCTGYYVYBBSCNNTB	STREME-1	chr12	69723075	69723093	+	11.42	GCAGCTGTCAGGGCTCGTC
1-VCASCTGYYVYBBSCNNTB	STREME-1	chr5	81248927	81248945	+	11.38	GCAGCTGTCATCCCGTGAC
1-VCASCTGYYVYBBSCNNTB	STREME-1	chr4	8799619	8799637	-	11.36	CCATCTGCTTCCCTCAATC
1-VCASCTGYYVYBBSCNNTB	STREME-1	chr15	10940303	10940321	-	11.35	GCATCTGTCTTCGGCTCTG
1-VCASCTGYYVYBBSCNNTB	STREME-1	chr15	72884735	72884753	+	11.35	CCACCTGCCATGCCTTCTC
1-VCASCTGYYVYBBSCNNTB	STREME-1	chr12	101770822	101770840	-	11.30	ACACCTGCCACTCCACTCT
1-VCASCTGYYVYBBSCNNTB	STREME-1	chr6	97227212	97227230	-	11.30	GCATTTGCTATTACTGGTT
1-VCASCTGYYVYBBSCNNTB	STREME-1	chr14	73105701	73105719	+	11.27	ACAGCTGTTCTTTCCTCCC
1-VCASCTGYYVYBBSCNNTB	STREME-1	chr13	55484755	55484773	+	11.24	ACAGCTGCTTTCCCCGCAC
1-VCASCTGYYVYBBSCNNTB	STREME-1	chr9	88238539	88238557	+	11.22	CCATCTGTCCCTGCCTGTC
1-VCASCTGYYVYBBSCNNTB	STREME-1	chr1	39458090	39458108	+	11.19	ACAGCTGTTGGGGCTATTT
1-VCASCTGYYVYBBSCNNTB	STREME-1	chr3	116929244	116929262	-	11.15	CCAGCTGTCATGTCAAATC
1-VCASCTGYYVYBBSCNNTB	STREME-1	chr1	133625243	133625261	-	11.13	CCATCTGTTAATAGGAGTG
1-VCASCTGYYVYBBSCNNTB	STREME-1	chr17	15372018	15372036	-	11.12	CCAGCTGTCCACTCTTATC
1-VCASCTGYYVYBBSCNNTB	STREME-1	chr10	69238515	69238533	-	11.11	ACATCTGCTGTGGCCCATT
1-VCASCTGYYVYBBSCNNTB	STREME-1	chr10	80227965	80227983	+	11.09	GCATCTGTCCCTGTCCTTC
1-VCASCTGYYVYBBSCNNTB	STREME-1	chr16	13364287	13364305	+	11.08	CCAGCTGTCCCTGGGCATC
1-VCASCTGYYVYBBSCNNTB	STREME-1	chr5	101957577	101957595	-	11.08	ACAGTTGTTTCCGTCTGTC
1-VCASCTGYYVYBBSCNNTB	STREME-1	chr17	68046434	68046452	+	11.07	CCAGCTGTTCTGGCCGAGG
1-VCASCTGYYVYBBSCNNTB	STREME-1	chr12	31926967	31926985	+	11.06	CCACCTGCCATGTTATGTT
1-VCASCTGYYVYBBSCNNTB	STREME-1	chr4	119198198	119198216	-	11.06	CCAGCTGCTCCTTCTAGGT
1-VCASCTGYYVYBBSCNNTB	STREME-1	chr17	56594101	56594119	-	11.03	GCAGCTGTCCCTGTTACTC
1-VCASCTGYYVYBBSCNNTB	STREME-1	chr8	94066615	94066633	-	11.01	CCATCTGTCTCACCCATAC
1-VCASCTGYYVYBBSCNNTB	STREME-1	chr5	102803020	102803038	+	10.92	GCACCTGCCACTTGCTGGT
1-VCASCTGYYVYBBSCNNTB	STREME-1	chr14	62852965	62852983	+	10.84	ACACCTGTCAATGCTGGTC
1-VCASCTGYYVYBBSCNNTB	STREME-1	chr7	38125660	38125678	+	10.82	CCACCTGTTCCTGTCAACT
1-VCASCTGYYVYBBSCNNTB	STREME-1	chr10	39311678	39311696	-	10.82	CCACCTGTTGTTGTGACTT
1-VCASCTGYYVYBBSCNNTB	STREME-1	chr10	41676039	41676057	-	10.81	CCAGCTGTCTTGGTCCATC
1-VCASCTGYYVYBBSCNNTB	STREME-1	chr6	147788300	147788318	-	10.81	CCACCTGTCACCCCATCTG
1-VCASCTGYYVYBBSCNNTB	STREME-1	chr10	79760814	79760832	-	10.81	CCACCTGTTCCACGACAGC
1-VCASCTGYYVYBBSCNNTB	STREME-1	chr15	57796563	57796581	-	10.79	CCAGCTGTCGCTGACTGTC
1-VCASCTGYYVYBBSCNNTB	STREME-1	chr2	6667705	6667723	-	10.77	ACAGCTGTACTTTCGGTTA
1-VCASCTGYYVYBBSCNNTB	STREME-1	chr15	76485401	76485419	+	10.76	ACAGCTGCCATGCGTTCAT
1-VCASCTGYYVYBBSCNNTB	STREME-1	chr5	151286568	151286586	-	10.74	GCATCTGTTCCCATCAGTT
1-VCASCTGYYVYBBSCNNTB	STREME-1	chr2	6877316	6877334	-	10.74	CCACCTGTTCCTGCTCTCT
1-VCASCTGYYVYBBSCNNTB	STREME-1	chr4	129829851	129829869	-	10.73	ACAGCTGCTAACTCATGTC
1-VCASCTGYYVYBBSCNNTB	STREME-1	chr12	85227391	85227409	+	10.72	ACAGCTGGCTAACGTAATT
1-VCASCTGYYVYBBSCNNTB	STREME-1	chr12	80879360	80879378	+	10.71	ACACCTGTTGCTGGCATCT
1-VCASCTGYYVYBBSCNNTB	STREME-1	chr6	147788312	147788330	-	10.71	CCACCTGCCACCCCACCTG
1-VCASCTGYYVYBBSCNNTB	STREME-1	chr14	73369773	73369791	-	10.69	GCATCTGTCATTCCATCCC
1-VCASCTGYYVYBBSCNNTB	STREME-1	chr10	71292526	71292544	-	10.67	ACAGCTGTTGGGAGCGTAT
1-VCASCTGYYVYBBSCNNTB	STREME-1	chr9	15104132	15104150	-	10.65	ACATCTGCCTAAGCACGTG
1-VCASCTGYYVYBBSCNNTB	STREME-1	chr8	71521920	71521938	+	10.62	CCAGCTGTTGCTTGGACTC
1-VCASCTGYYVYBBSCNNTB	STREME-1	chr15	76485390	76485408	-	10.61	GCAGCTGTTGCTGCCTGTA
1-VCASCTGYYVYBBSCNNTB	STREME-1	chr13	58314000	58314018	+	10.59	GCACCTGTCACTCCAGCTC
1-VCASCTGYYVYBBSCNNTB	STREME-1	chr12	111851898	111851916	-	10.59	GCAGCTGCTAGAGGCCATA
1-VCASCTGYYVYBBSCNNTB	STREME-1	chr10	28185612	28185630	+	10.56	CCATCTGTCCTGGGACTTT
1-VCASCTGYYVYBBSCNNTB	STREME-1	chr1	12292050	12292068	-	10.53	GCAGCTGTCACAGGCCTTC
1-VCASCTGYYVYBBSCNNTB	STREME-1	chr14	64949866	64949884	+	10.52	CCACCTGCTGCCGCTGGGC
1-VCASCTGYYVYBBSCNNTB	STREME-1	chr10	85656104	85656122	-	10.48	GCAGCTGGCCCTGCCCTTT
1-VCASCTGYYVYBBSCNNTB	STREME-1	chr10	85656073	85656091	+	10.47	ACATCTGCCATTTGTGATA
1-VCASCTGYYVYBBSCNNTB	STREME-1	chr2	167330811	167330829	+	10.47	TCAGCTGTCAGGCCCGATT
1-VCASCTGYYVYBBSCNNTB	STREME-1	chr13	9319928	9319946	+	10.46	GCAGCTGTTGTGCCCTAGT
1-VCASCTGYYVYBBSCNNTB	STREME-1	chr6	114796151	114796169	-	10.44	CCAGCTGTCGGGGAACTTC
1-VCASCTGYYVYBBSCNNTB	STREME-1	chr5	64542049	64542067	+	10.42	GCAGCTGCTGCTTGCTTTT
1-VCASCTGYYVYBBSCNNTB	STREME-1	chr1	20669986	20670004	-	10.41	CCACCTGTTTGTGTCTTTT
1-VCASCTGYYVYBBSCNNTB	STREME-1	chr6	120183956	120183974	-	10.41	GCACCTGCTCCCTCAAGCC
1-VCASCTGYYVYBBSCNNTB	STREME-1	chr9	60309976	60309994	+	10.37	CCATCTGTTCCAGCCTGTC
1-VCASCTGYYVYBBSCNNTB	STREME-1	chr5	125116350	125116368	-	10.37	ACAGCTGCCCCATCCATCC
1-VCASCTGYYVYBBSCNNTB	STREME-1	chr13	64410755	64410773	+	10.36	ACAGCTGGTGTTGCTAGTT
1-VCASCTGYYVYBBSCNNTB	STREME-1	chr1	62838842	62838860	+	10.35	GCAGCTGCCTTACGGTGTG
1-VCASCTGYYVYBBSCNNTB	STREME-1	chr4	129137698	129137716	+	10.29	GCAGCTGTTGCTGCCTCCC
1-VCASCTGYYVYBBSCNNTB	STREME-1	chr18	57259170	57259188	-	10.28	CCAGCTGTTGCCCCATAGC
1-VCASCTGYYVYBBSCNNTB	STREME-1	chr13	9319955	9319973	+	10.27	GCACCTGTTTGTGGCCTTG
1-VCASCTGYYVYBBSCNNTB	STREME-1	chr10	91183565	91183583	+	10.27	CCACCTGCTGTCTCTCTTC
1-VCASCTGYYVYBBSCNNTB	STREME-1	chr1	177646382	177646400	+	10.26	CCACCTGCTGTTGGCCACT
1-VCASCTGYYVYBBSCNNTB	STREME-1	chr4	154005680	154005698	+	10.25	GCAGCTGTTGCTTGCTGTC
1-VCASCTGYYVYBBSCNNTB	STREME-1	chr9	67677126	67677144	-	10.24	CCACCTGTTCCTGCCAGGG
1-VCASCTGYYVYBBSCNNTB	STREME-1	chr10	99132387	99132405	+	10.23	GCACCTGCTGCAAGCCTTC
1-VCASCTGYYVYBBSCNNTB	STREME-1	chr8	93569879	93569897	-	10.22	CCATCTGCCAAAGGCAGTT
1-VCASCTGYYVYBBSCNNTB	STREME-1	chr6	147788288	147788306	-	10.16	CCATCTGTCACTCCACCTG
1-VCASCTGYYVYBBSCNNTB	STREME-1	chr13	52175921	52175939	-	10.13	GCAGCTGCTCTCTCCCACC
1-VCASCTGYYVYBBSCNNTB	STREME-1	chr17	56345601	56345619	-	10.11	ACAGTTGTTTTAGGAGGTT
1-VCASCTGYYVYBBSCNNTB	STREME-1	chr17	68108062	68108080	-	10.10	CCACCTGGCACTGACGCTT
1-VCASCTGYYVYBBSCNNTB	STREME-1	chr1	136066802	136066820	-	10.10	GCACCTGCTCCTGTCTGTC
1-VCASCTGYYVYBBSCNNTB	STREME-1	chr5	103789954	103789972	+	10.09	GCAGCTGCCGCTGGCATCA
1-VCASCTGYYVYBBSCNNTB	STREME-1	chr10	28185586	28185604	-	10.05	GCATCTGCTTCAACACTTC
1-VCASCTGYYVYBBSCNNTB	STREME-1	chr19	9066391	9066409	+	10.02	GCATCTGCTAGTGCACTCT
1-VCASCTGYYVYBBSCNNTB	STREME-1	chr11	7372025	7372043	-	10.01	ACACCTGTCCCCTCTGCTC
1-VCASCTGYYVYBBSCNNTB	STREME-1	chr5	81248916	81248934	-	10.00	ACAGCTGCCTTTGCCAGAT
1-VCASCTGYYVYBBSCNNTB	STREME-1	chr10	85421438	85421456	-	10.00	CCACCTGCCGTAACAGGCT
1-VCASCTGYYVYBBSCNNTB	STREME-1	chr19	41953790	41953808	+	9.98	CCATCTGCTCTAGCCACAT
1-VCASCTGYYVYBBSCNNTB	STREME-1	chr17	56594112	56594130	+	9.97	ACAGCTGCTGCTGGTCATT
1-VCASCTGYYVYBBSCNNTB	STREME-1	chr4	149735284	149735302	-	9.95	GCACCTGTTTCTGGGTGGC
1-VCASCTGYYVYBBSCNNTB	STREME-1	chr13	83076822	83076840	+	9.95	GCAGCTGTTGTTTTCCATG
1-VCASCTGYYVYBBSCNNTB	STREME-1	chr10	81072454	81072472	+	9.93	GCAGCTGCTAGTGCCACTG
1-VCASCTGYYVYBBSCNNTB	STREME-1	chr6	84022171	84022189	-	9.93	GCACCTGGTGTGGGACGGT
1-VCASCTGYYVYBBSCNNTB	STREME-1	chr15	27552362	27552380	+	9.92	ACAGCTGCCTCCTTCACGC
1-VCASCTGYYVYBBSCNNTB	STREME-1	chr5	35166235	35166253	-	9.92	TCAGCTGCTCATCTCGTCG
1-VCASCTGYYVYBBSCNNTB	STREME-1	chr6	42385813	42385831	+	9.92	ACAGCTGCTCAAGCCTCTC
1-VCASCTGYYVYBBSCNNTB	STREME-1	chr4	152038332	152038350	-	9.91	GCAGCTGGCCGTTGCTTAC
1-VCASCTGYYVYBBSCNNTB	STREME-1	chr2	117868991	117869009	+	9.91	CCACCTGCTGCTGGCCCAT
1-VCASCTGYYVYBBSCNNTB	STREME-1	chr1	79317405	79317423	-	9.89	GCAGCTGTTGTTAGCTGTC
1-VCASCTGYYVYBBSCNNTB	STREME-1	chr1	92099736	92099754	-	9.81	ACAGCTGTTGTGGCTTGTC
1-VCASCTGYYVYBBSCNNTB	STREME-1	chr10	41544664	41544682	+	9.81	CCAGCTGCCTCCGTCCTGC
1-VCASCTGYYVYBBSCNNTB	STREME-1	chr13	49554694	49554712	+	9.80	ACAGCTGTCAGGCGGGCGT
1-VCASCTGYYVYBBSCNNTB	STREME-1	chr5	24043603	24043621	-	9.77	ACAGCTGCTCTATTGCCTT
1-VCASCTGYYVYBBSCNNTB	STREME-1	chr6	97227224	97227242	-	9.74	GCATCTGCTGTTGCATTTG
1-VCASCTGYYVYBBSCNNTB	STREME-1	chr2	58711697	58711715	-	9.74	GCAGCTGGTATCACTTGAT
1-VCASCTGYYVYBBSCNNTB	STREME-1	chr17	28556819	28556837	-	9.70	GCAGCTGCTCCTCCCAGAC
1-VCASCTGYYVYBBSCNNTB	STREME-1	chr16	5113663	5113681	+	9.70	CCAGCTGTCTCCTGCATTC
1-VCASCTGYYVYBBSCNNTB	STREME-1	chr2	58711710	58711728	-	9.69	ACAGCTGCTACTGGCAGCT
1-VCASCTGYYVYBBSCNNTB	STREME-1	chr19	7125732	7125750	+	9.69	CCACCTGCCTTGTCCCTCT
1-VCASCTGYYVYBBSCNNTB	STREME-1	chr5	3928937	3928955	-	9.68	GCAGCTGTCACAGGCCAAT
1-VCASCTGYYVYBBSCNNTB	STREME-1	chr4	149735229	149735247	-	9.67	GCATCTGTTCCCTGCCACT
1-VCASCTGYYVYBBSCNNTB	STREME-1	chr15	56634415	56634433	+	9.67	TCAGCTGGTAATCCCACTC
1-VCASCTGYYVYBBSCNNTB	STREME-1	chr3	122415029	122415047	-	9.66	ACAGCTGCCTCTGGCCATG
1-VCASCTGYYVYBBSCNNTB	STREME-1	chr12	80203834	80203852	-	9.66	ACATCTGCTCATTGGCCTC
1-VCASCTGYYVYBBSCNNTB	STREME-1	chr8	123511004	123511022	-	9.63	GCAGCTGTCGGGGCCTGGG
1-VCASCTGYYVYBBSCNNTB	STREME-1	chr11	7371989	7372007	+	9.61	GCAGCTGTTTCATCTAAAG
1-VCASCTGYYVYBBSCNNTB	STREME-1	chr5	3928948	3928966	+	9.60	ACAGCTGCCTCGGCAGTGT
1-VCASCTGYYVYBBSCNNTB	STREME-1	chr1	53824308	53824326	-	9.60	ACAGCTGTCACTGCAAGCC
1-VCASCTGYYVYBBSCNNTB	STREME-1	chr1	90973692	90973710	-	9.58	GCACCTGTCATTCTTGTTG
1-VCASCTGYYVYBBSCNNTB	STREME-1	chr1	153556454	153556472	-	9.58	CCACCTGTTGTGGTGAAAT
1-VCASCTGYYVYBBSCNNTB	STREME-1	chr9	50457795	50457813	+	9.57	TCAGCTGCTCCCAGTCGAT
1-VCASCTGYYVYBBSCNNTB	STREME-1	chr10	88057437	88057455	-	9.56	GCATCTGTTTCCTGCATTG
1-VCASCTGYYVYBBSCNNTB	STREME-1	chr2	181550465	181550483	-	9.55	CCACCTGCTCCAGGAACCC
1-VCASCTGYYVYBBSCNNTB	STREME-1	chr5	24043555	24043573	-	9.55	CCACCTGTCCTTGACATTG
1-VCASCTGYYVYBBSCNNTB	STREME-1	chr4	154005646	154005664	+	9.54	CCATCTGCCATGGACTAAC
1-VCASCTGYYVYBBSCNNTB	STREME-1	chr15	25627143	25627161	-	9.53	GCAGCTGTTCCTCCAGCTT
1-VCASCTGYYVYBBSCNNTB	STREME-1	chr5	32830215	32830233	-	9.53	TCAGCTGTCACTGCATAAC
1-VCASCTGYYVYBBSCNNTB	STREME-1	chr12	73242176	73242194	+	9.52	GCAGCTGCTGCGTCCTGCT
1-VCASCTGYYVYBBSCNNTB	STREME-1	chr1	72952028	72952046	-	9.52	CCACCTGCTATGAACTGTC
1-VCASCTGYYVYBBSCNNTB	STREME-1	chr15	54404880	54404898	+	9.51	ACAGATGTTCCTAGGTCTC
1-VCASCTGYYVYBBSCNNTB	STREME-1	chr1	156957533	156957551	-	9.50	ACAGCTGCTCCGAGGACAT
1-VCASCTGYYVYBBSCNNTB	STREME-1	chr4	123035782	123035800	-	9.49	ACACCTGCCTTGTCCTTCT
1-VCASCTGYYVYBBSCNNTB	STREME-1	chr19	41953766	41953784	-	9.49	CCAAATGTTCCCGGCATTT
1-VCASCTGYYVYBBSCNNTB	STREME-1	chr17	29053289	29053307	-	9.48	ACACCTGTCTCTGTCCCAT
1-VCASCTGYYVYBBSCNNTB	STREME-1	chr11	47766030	47766048	+	9.47	GCACCTGTTGCCTGCAGTG
1-VCASCTGYYVYBBSCNNTB	STREME-1	chr15	65585782	65585800	+	9.47	GCACCTGCTGTGGCTTGTC
1-VCASCTGYYVYBBSCNNTB	STREME-1	chr10	14041757	14041775	+	9.44	CCATCTGTTCCCTCAGGTG
1-VCASCTGYYVYBBSCNNTB	STREME-1	chr1	39458043	39458061	-	9.44	GCACCTGTCCCTTGCTGGG
1-VCASCTGYYVYBBSCNNTB	STREME-1	chr2	93461393	93461411	+	9.41	CCACCTGCTCACTGACATC
1-VCASCTGYYVYBBSCNNTB	STREME-1	chr3	28417309	28417327	+	9.41	GCAGCTGTTCGGGTCATCA
1-VCASCTGYYVYBBSCNNTB	STREME-1	chr3	19810191	19810209	+	9.38	ACATCTGCCAAAGGCCCAT
1-VCASCTGYYVYBBSCNNTB	STREME-1	chr1	152203438	152203456	+	9.38	GCAGCTGTTCCTCTTCCCC
1-VCASCTGYYVYBBSCNNTB	STREME-1	chr10	25534090	25534108	-	9.37	ACAGGTGCCCCGGGCTCCC
1-VCASCTGYYVYBBSCNNTB	STREME-1	chr18	74794209	74794227	+	9.36	GCACCTGCTCTTCCCTCCA
1-VCASCTGYYVYBBSCNNTB	STREME-1	chr17	45616212	45616230	+	9.35	CCAGCTGTCACCCCCCTCA
1-VCASCTGYYVYBBSCNNTB	STREME-1	chr1	13385459	13385477	-	9.35	CCACCTGTTTCCTCCAGAA
1-VCASCTGYYVYBBSCNNTB	STREME-1	chr1	135795036	135795054	+	9.35	TCACTTGCTAATTTAGGTT
1-VCASCTGYYVYBBSCNNTB	STREME-1	chr9	71874967	71874985	-	9.34	GCAGCTGCTTCAGGCTAGT
1-VCASCTGYYVYBBSCNNTB	STREME-1	chr10	85421463	85421481	-	9.34	CCAGCTGTCCAAGGAAGTC
1-VCASCTGYYVYBBSCNNTB	STREME-1	chr18	60963405	60963423	+	9.34	ACATCTGCTTCTTGTCACC
1-VCASCTGYYVYBBSCNNTB	STREME-1	chr19	42000687	42000705	-	9.33	GCAGCTGCTGCGTGTTCCC
1-VCASCTGYYVYBBSCNNTB	STREME-1	chr13	63136170	63136188	+	9.33	GCAGCTGTTGCCTACAGTC
1-VCASCTGYYVYBBSCNNTB	STREME-1	chr6	30866782	30866800	-	9.33	GCAGCTGCTGCTCCAATTG
1-VCASCTGYYVYBBSCNNTB	STREME-1	chr10	59179812	59179830	+	9.32	CCATCTGTTTCCTGATAGC
1-VCASCTGYYVYBBSCNNTB	STREME-1	chr14	66341412	66341430	-	9.32	CCACCTGTCATAGCTCTGT
1-VCASCTGYYVYBBSCNNTB	STREME-1	chr2	181561953	181561971	+	9.32	GCACCTGTTGCTGGTGCAT
1-VCASCTGYYVYBBSCNNTB	STREME-1	chr5	125116361	125116379	+	9.31	GCAGCTGTTAGGAGGTTTA
1-VCASCTGYYVYBBSCNNTB	STREME-1	chr2	113030892	113030910	+	9.31	CCAGCTGGCACGGCACCTG
1-VCASCTGYYVYBBSCNNTB	STREME-1	chr9	62083187	62083205	+	9.28	ACAGATGTCGAGTCAAGTG
1-VCASCTGYYVYBBSCNNTB	STREME-1	chr3	88150557	88150575	-	9.27	CCACCTGTCACCCCCACAG
1-VCASCTGYYVYBBSCNNTB	STREME-1	chr6	30628367	30628385	-	9.23	GCACCTGCCCCACTTGATG
1-VCASCTGYYVYBBSCNNTB	STREME-1	chr6	147788276	147788294	-	9.23	CCACCTGCCACACCACCTG
1-VCASCTGYYVYBBSCNNTB	STREME-1	chr8	94733973	94733991	-	9.23	ACAGCTGTCTTGTCTCTAC
1-VCASCTGYYVYBBSCNNTB	STREME-1	chr16	17778398	17778416	-	9.23	CCACCTGCCATGATCCAAG
1-VCASCTGYYVYBBSCNNTB	STREME-1	chr1	135347121	135347139	-	9.22	TCACCTGTTAACTGGCCTC
1-VCASCTGYYVYBBSCNNTB	STREME-1	chr10	96399757	96399775	-	9.22	GCAGCTGCCCGGCCCAGGC
1-VCASCTGYYVYBBSCNNTB	STREME-1	chr14	62236220	62236238	+	9.21	GCAGCTGCCACCCGAGGCA
1-VCASCTGYYVYBBSCNNTB	STREME-1	chr5	36301319	36301337	-	9.21	CCAGCTGTCACAAGGGATT
1-VCASCTGYYVYBBSCNNTB	STREME-1	chr2	173690078	173690096	+	9.20	CCATCTGCTTCTTCAGCTC
1-VCASCTGYYVYBBSCNNTB	STREME-1	chr9	57601562	57601580	-	9.20	ACAGCTGCCACTGTGGGTT
1-VCASCTGYYVYBBSCNNTB	STREME-1	chr12	85227432	85227450	+	9.20	CCACCTGTCAAAGGCATGC
1-VCASCTGYYVYBBSCNNTB	STREME-1	chr7	112229421	112229439	+	9.19	GCAGCTGGCCTTGCACATC
1-VCASCTGYYVYBBSCNNTB	STREME-1	chr8	122746639	122746657	-	9.19	CCACCTGCCTGGGGACTAC
1-VCASCTGYYVYBBSCNNTB	STREME-1	chr13	49345677	49345695	-	9.14	CCACCTGCTAAGCCTCAAA
1-VCASCTGYYVYBBSCNNTB	STREME-1	chr3	28417254	28417272	-	9.14	TCACCTGCTCAAGCCACTC
1-VCASCTGYYVYBBSCNNTB	STREME-1	chr15	54404869	54404887	-	9.13	ACATCTGTTCCTGTGCGCA
1-VCASCTGYYVYBBSCNNTB	STREME-1	chr18	46450166	46450184	+	9.13	ACACCTGTTCTATGCAACA
1-VCASCTGYYVYBBSCNNTB	STREME-1	chr8	78813284	78813302	+	9.13	CCACCTGTCCTAATGTGTC
1-VCASCTGYYVYBBSCNNTB	STREME-1	chr2	116369016	116369034	-	9.12	GCACCTGCTTTGCTCTTTG
1-VCASCTGYYVYBBSCNNTB	STREME-1	chr7	142601030	142601048	-	9.12	CCACCTGTCAGGACCAATG
1-VCASCTGYYVYBBSCNNTB	STREME-1	chr2	32174303	32174321	-	9.11	GCAGCTGCTGCTGCGGCAC
1-VCASCTGYYVYBBSCNNTB	STREME-1	chr3	157911009	157911027	+	9.09	GCATCTGTCATGGCATCTG
1-VCASCTGYYVYBBSCNNTB	STREME-1	chr3	58592860	58592878	-	9.07	GCAGCTGTCACGAATGCGA
1-VCASCTGYYVYBBSCNNTB	STREME-1	chr4	127300652	127300670	+	9.07	CCACCTGTTCCTTGTGTCT
1-VCASCTGYYVYBBSCNNTB	STREME-1	chr8	126595540	126595558	-	9.06	CCAGCTGCTTCTGGGAATG
1-VCASCTGYYVYBBSCNNTB	STREME-1	chr7	145335384	145335402	+	9.04	ACATATGTCAAGGGCCTTC
1-VCASCTGYYVYBBSCNNTB	STREME-1	chr4	119198209	119198227	+	9.01	GCAGCTGGTTGTGTCCGTA
1-VCASCTGYYVYBBSCNNTB	STREME-1	chr16	93733288	93733306	+	9.00	CCATCTGTCACAGCACTTG
1-VCASCTGYYVYBBSCNNTB	STREME-1	chr15	77788524	77788542	-	9.00	CCACCTGCTGCCTTGCTAC
1-VCASCTGYYVYBBSCNNTB	STREME-1	chr8	120214104	120214122	-	9.00	CCACGTGTCCAACCCTCTT
1-VCASCTGYYVYBBSCNNTB	STREME-1	chr17	86988709	86988727	-	9.00	GCAACTGTCCCTTCCAGTC
1-VCASCTGYYVYBBSCNNTB	STREME-1	chr8	78813349	78813367	+	9.00	ACACTTGTTCTCTGCTAAC
1-VCASCTGYYVYBBSCNNTB	STREME-1	chr4	109106205	109106223	+	8.97	TCAGCTGCTGCTACCCATG
1-VCASCTGYYVYBBSCNNTB	STREME-1	chr6	72200757	72200775	-	8.95	GCAGCTGCCCCAGGCTGTC
1-VCASCTGYYVYBBSCNNTB	STREME-1	chr15	75670472	75670490	-	8.95	TCAGCTGTCCCTGTCCATC
1-VCASCTGYYVYBBSCNNTB	STREME-1	chr2	35898977	35898995	+	8.94	CCAGCTGTTGCTTGGCCAC
1-VCASCTGYYVYBBSCNNTB	STREME-1	chr10	93231736	93231754	-	8.92	CCACCTGCTGTAAGCAACT
1-VCASCTGYYVYBBSCNNTB	STREME-1	chr12	111851909	111851927	+	8.89	GCAGCTGCTGCAGCCACTC
1-VCASCTGYYVYBBSCNNTB	STREME-1	chr3	157911034	157911052	+	8.86	GCATCTGTCATCCCAGATG
1-VCASCTGYYVYBBSCNNTB	STREME-1	chr16	20746917	20746935	-	8.86	CCACCTGCTCCTGACTCAC
1-VCASCTGYYVYBBSCNNTB	STREME-1	chr17	86988748	86988766	+	8.85	ACAGCTGTCAGGGCTCTTT
1-VCASCTGYYVYBBSCNNTB	STREME-1	chr12	84198289	84198307	+	8.83	CCAGTTGCTCCTGTCACTC
1-VCASCTGYYVYBBSCNNTB	STREME-1	chr7	101834408	101834426	-	8.82	CCATCTGTCAGCACCCCTC
1-VCASCTGYYVYBBSCNNTB	STREME-1	chr18	5380859	5380877	-	8.81	CCACCTGGTTTTGTGTTTT
1-VCASCTGYYVYBBSCNNTB	STREME-1	chr8	78813318	78813336	+	8.80	ACAGCTGCCACCACCAAGG
1-VCASCTGYYVYBBSCNNTB	STREME-1	chr6	120183992	120184010	-	8.79	CCAGTTGCTCCCTGTACGG
1-VCASCTGYYVYBBSCNNTB	STREME-1	chr2	29755937	29755955	+	8.77	ACACCTGTCACCCCAGCAC
1-VCASCTGYYVYBBSCNNTB	STREME-1	chr17	29118262	29118280	-	8.77	ACACCTGGCACCACATAAC
1-VCASCTGYYVYBBSCNNTB	STREME-1	chr18	57259164	57259182	+	8.77	CCATTTGCTATGGGGCAAC
1-VCASCTGYYVYBBSCNNTB	STREME-1	chr11	62747388	62747406	-	8.76	GCAGTTGCTCACGTCTGTC
1-VCASCTGYYVYBBSCNNTB	STREME-1	chr14	73369807	73369825	+	8.74	GCATTTGTTACCAGCTGTT
1-VCASCTGYYVYBBSCNNTB	STREME-1	chr8	126595574	126595592	+	8.73	GCACCTGCTCCAGGACCTG
1-VCASCTGYYVYBBSCNNTB	STREME-1	chr10	84060861	84060879	-	8.71	CCATCTGTCCCTGCCATGA
1-VCASCTGYYVYBBSCNNTB	STREME-1	chr5	36301377	36301395	+	8.71	CCACCTGCTAGCCTCTTCT
1-VCASCTGYYVYBBSCNNTB	STREME-1	chr12	100101859	100101877	+	8.70	GCAGCTGCTGCCTCCTCCC
1-VCASCTGYYVYBBSCNNTB	STREME-1	chr13	64410787	64410805	-	8.68	GCAGCTGCTCTGCTCTCGT
1-VCASCTGYYVYBBSCNNTB	STREME-1	chr12	80124390	80124408	-	8.65	CCAGCTGTCCAAGGCAAAC
1-VCASCTGYYVYBBSCNNTB	STREME-1	chr1	20633692	20633710	+	8.65	ACAGCTGCCTGTCCTCGGT
1-VCASCTGYYVYBBSCNNTB	STREME-1	chr7	112885667	112885685	+	8.64	GCAGTTGTTCATGTCACTC
1-VCASCTGYYVYBBSCNNTB	STREME-1	chr6	72200781	72200799	+	8.63	GCAGCTGTCTCTCTAGAAC
1-VCASCTGYYVYBBSCNNTB	STREME-1	chr15	75758219	75758237	-	8.60	ACACCTGCTGCCTGGCATA
1-VCASCTGYYVYBBSCNNTB	STREME-1	chr18	46450148	46450166	-	8.58	TCACCTGTCGTGAGCACCT
1-VCASCTGYYVYBBSCNNTB	STREME-1	chr13	23372644	23372662	+	8.58	CCAGTTGTCGTTGACTCAA
1-VCASCTGYYVYBBSCNNTB	STREME-1	chr2	116368995	116369013	+	8.56	ACAGCTGCTCTATGGTGAC
1-VCASCTGYYVYBBSCNNTB	STREME-1	chr1	13385448	13385466	+	8.55	ACACTTGTTATTTCTGGAG
1-VCASCTGYYVYBBSCNNTB	STREME-1	chr9	25201187	25201205	+	8.55	CCAGCTGTTCTCAGCAGTC
1-VCASCTGYYVYBBSCNNTB	STREME-1	chr12	84819435	84819453	+	8.53	GCAGCTGTTATGCCTTTCA
1-VCASCTGYYVYBBSCNNTB	STREME-1	chr3	157911021	157911039	+	8.52	GCATCTGTCATCTGCATCT
1-VCASCTGYYVYBBSCNNTB	STREME-1	chr11	7372061	7372079	+	8.51	CCACCTGCCTCTGCTGCTA
1-VCASCTGYYVYBBSCNNTB	STREME-1	chr6	67138863	67138881	-	8.51	GCAGCTGCCAACACCTGTT
1-VCASCTGYYVYBBSCNNTB	STREME-1	chr17	6959007	6959025	-	8.50	CCATCTGTCATGGGTGCCC
1-VCASCTGYYVYBBSCNNTB	STREME-1	chr17	8167690	8167708	+	8.50	CCATCTGTCATGGGTGCCC
1-VCASCTGYYVYBBSCNNTB	STREME-1	chr13	55484772	55484790	+	8.49	ACAGCTGCCCCACCACCTG
1-VCASCTGYYVYBBSCNNTB	STREME-1	chr6	128236770	128236788	-	8.48	ACACCTGTTGCAGGCCCAG
1-VCASCTGYYVYBBSCNNTB	STREME-1	chr17	56345612	56345630	+	8.46	ACAACTGTTTTTGTCCTTC
1-VCASCTGYYVYBBSCNNTB	STREME-1	chr6	84931213	84931231	-	8.46	TCACTTGCTCTCCCGCACC
1-VCASCTGYYVYBBSCNNTB	STREME-1	chr17	15440668	15440686	-	8.44	GCATATGTTCCCGTGAGCC
1-VCASCTGYYVYBBSCNNTB	STREME-1	chr15	76485443	76485461	+	8.44	CCATCTGCCCGTTTGTACA
1-VCASCTGYYVYBBSCNNTB	STREME-1	chr3	128575917	128575935	+	8.42	ACACTTGTCACTAGAGGGC
1-VCASCTGYYVYBBSCNNTB	STREME-1	chr10	31604025	31604043	-	8.42	ACACCTGTCCAGTGGGTAT
1-VCASCTGYYVYBBSCNNTB	STREME-1	chr1	134307581	134307599	-	8.39	GCACCTGTCTTCTCCTGGG
1-VCASCTGYYVYBBSCNNTB	STREME-1	chr2	113980759	113980777	-	8.38	CCAGCTGCTTAGCCCTTCT
1-VCASCTGYYVYBBSCNNTB	STREME-1	chr5	142974898	142974916	-	8.38	TCATCTGTCTCTCCATGTC
1-VCASCTGYYVYBBSCNNTB	STREME-1	chr19	28946967	28946985	+	8.37	ACAGCTGTCCCTTCCTGGA
1-VCASCTGYYVYBBSCNNTB	STREME-1	chr1	71100079	71100097	-	8.37	CCAGCTGTCACCTGTCTTG
1-VCASCTGYYVYBBSCNNTB	STREME-1	chr17	45616267	45616285	-	8.36	GCAGCTGATGTAGGGTATA
1-VCASCTGYYVYBBSCNNTB	STREME-1	chr5	115026377	115026395	+	8.33	GCACCTGCCCACTGCCACT
1-VCASCTGYYVYBBSCNNTB	STREME-1	chr9	57089441	57089459	-	8.33	ACAGCTGTTGGGTGATGAT
1-VCASCTGYYVYBBSCNNTB	STREME-1	chr17	79364838	79364856	-	8.32	GCACCTGTTGTGTGACCCT
1-VCASCTGYYVYBBSCNNTB	STREME-1	chr5	88711309	88711327	-	8.31	GCAGTTGCTACACCTGCTT
1-VCASCTGYYVYBBSCNNTB	STREME-1	chr3	19237097	19237115	-	8.31	CCACTTGTCTGTGCGTGTC
1-VCASCTGYYVYBBSCNNTB	STREME-1	chr8	95159490	95159508	-	8.31	ACAGTTGTCTCTTTGGGTT
1-VCASCTGYYVYBBSCNNTB	STREME-1	chr7	90312653	90312671	+	8.30	CCACCTGTCAGATCCTGCC
1-VCASCTGYYVYBBSCNNTB	STREME-1	chr5	36313525	36313543	+	8.30	ACAGCTGCCCCATCAAGCT
1-VCASCTGYYVYBBSCNNTB	STREME-1	chr8	128594849	128594867	+	8.26	GCAGCTGTCTTGCCAGTAT
1-VCASCTGYYVYBBSCNNTB	STREME-1	chr6	120183928	120183946	-	8.26	ACAGCTGCCTCCATCATTG
1-VCASCTGYYVYBBSCNNTB	STREME-1	chr17	81676419	81676437	+	8.26	CCACCTGCTCTGTGATGAC
1-VCASCTGYYVYBBSCNNTB	STREME-1	chr8	128594877	128594895	+	8.25	GCAGCTGCCTTGCCAGTAT
1-VCASCTGYYVYBBSCNNTB	STREME-1	chr1	168743537	168743555	-	8.25	CCAGCTGCTGAAGCCAGTC
1-VCASCTGYYVYBBSCNNTB	STREME-1	chr10	59195045	59195063	+	8.24	CCACCTGCCCCCAGGGACC
1-VCASCTGYYVYBBSCNNTB	STREME-1	chr12	111696390	111696408	-	8.24	GCACCTGTCCCAGCTGATG
1-VCASCTGYYVYBBSCNNTB	STREME-1	chr19	28946956	28946974	-	8.23	ACAGCTGTTTCCCCCTCCA
1-VCASCTGYYVYBBSCNNTB	STREME-1	chr9	67677087	67677105	-	8.22	GCAGCTGTTAGACCCTTCA
1-VCASCTGYYVYBBSCNNTB	STREME-1	chr1	62838797	62838815	-	8.21	CCATCTGCTGCTGCCACTG
1-VCASCTGYYVYBBSCNNTB	STREME-1	chr7	142601009	142601027	+	8.19	TCAGCTGTCTTCTTCCATC
1-VCASCTGYYVYBBSCNNTB	STREME-1	chr2	120125155	120125173	-	8.18	CCAGCTGGTCCCTGACATT
1-VCASCTGYYVYBBSCNNTB	STREME-1	chr13	37692193	37692211	-	8.18	ACACCTGCCCACCCCATCA
1-VCASCTGYYVYBBSCNNTB	STREME-1	chr16	86223212	86223230	+	8.16	ACACATGGTGAAACCGATC
1-VCASCTGYYVYBBSCNNTB	STREME-1	chr18	5380835	5380853	-	8.15	CCAGATGGCGCCTCACCCC
1-VCASCTGYYVYBBSCNNTB	STREME-1	chr16	90765631	90765649	-	8.12	GCAGCTGGCACAGCGTGAT
1-VCASCTGYYVYBBSCNNTB	STREME-1	chr6	116406349	116406367	-	8.12	TCAGCTGTTGGTGGACATC
1-VCASCTGYYVYBBSCNNTB	STREME-1	chr17	25509428	25509446	+	8.09	ACACCTGCCACAGCAGATG
1-VCASCTGYYVYBBSCNNTB	STREME-1	chr13	29759898	29759916	+	8.09	CCACCTGCTAACAGAAGAC
1-VCASCTGYYVYBBSCNNTB	STREME-1	chr10	21632883	21632901	+	8.08	ACAGCTGTCGAACTGAACT
1-VCASCTGYYVYBBSCNNTB	STREME-1	chr2	35898966	35898984	-	8.07	ACAGCTGGCACGGCTCTGC
1-VCASCTGYYVYBBSCNNTB	STREME-1	chr5	101957591	101957609	-	8.07	CCAGCTGTCCCATCACAGT
1-VCASCTGYYVYBBSCNNTB	STREME-1	chr5	110526792	110526810	+	8.05	ACAGCTGCCACAGGCTAGG
1-VCASCTGYYVYBBSCNNTB	STREME-1	chr7	34955452	34955470	+	8.04	ACATCTGTCTCTGCAGCTC
1-VCASCTGYYVYBBSCNNTB	STREME-1	chr18	5380866	5380884	-	8.03	ACATATGCCACCTGGTTTT
1-VCASCTGYYVYBBSCNNTB	STREME-1	chr10	59195072	59195090	+	8.03	GCAGATGTCACCACTAACT
1-VCASCTGYYVYBBSCNNTB	STREME-1	chr6	91137548	91137566	-	8.02	CCAGCTGTCATCCTCTGAC
1-VCASCTGYYVYBBSCNNTB	STREME-1	chr2	52390667	52390685	+	8.02	ACATCTGTTCACAGCCCTC
1-VCASCTGYYVYBBSCNNTB	STREME-1	chrX	96120161	96120179	+	8.01	GCAGTTGTCTTCCCATGTC
1-VCASCTGYYVYBBSCNNTB	STREME-1	chr9	88238528	88238546	-	8.00	ACAGATGGTGTTCCCTTCG
1-VCASCTGYYVYBBSCNNTB	STREME-1	chr19	42000659	42000677	-	7.99	CCAGCTGTTCTTGTCCTCA
1-VCASCTGYYVYBBSCNNTB	STREME-1	chr12	33008405	33008423	+	7.97	CCAGCTGCTGCATCAGATA
1-VCASCTGYYVYBBSCNNTB	STREME-1	chr2	179984936	179984954	+	7.97	ACAGATGGCAACGGGCATC
1-VCASCTGYYVYBBSCNNTB	STREME-1	chr6	31158914	31158932	+	7.97	GCACCTGCTCTCCACTGTC
1-VCASCTGYYVYBBSCNNTB	STREME-1	chr4	129828302	129828320	+	7.96	CCAGCTGTCCCGATGCAGG
1-VCASCTGYYVYBBSCNNTB	STREME-1	chr16	90765642	90765660	+	7.95	CCAGCTGCCTTGCCAGATA
1-VCASCTGYYVYBBSCNNTB	STREME-1	chr2	6667716	6667734	+	7.94	ACAGCTGTTAAGGGAACCA
1-VCASCTGYYVYBBSCNNTB	STREME-1	chr1	71100103	71100121	-	7.94	GCAGCTGTCATCTCTCTGC
1-VCASCTGYYVYBBSCNNTB	STREME-1	chr1	36636693	36636711	-	7.92	ACAGTTGCTTCCCCCACTG
1-VCASCTGYYVYBBSCNNTB	STREME-1	chr10	120411103	120411121	+	7.92	ACAGCTGTCTGCCCCACTT
1-VCASCTGYYVYBBSCNNTB	STREME-1	chr13	59652874	59652892	-	7.89	GCATCTGTTCCTTCAGTGA
1-VCASCTGYYVYBBSCNNTB	STREME-1	chr1	166014670	166014688	-	7.89	ACAGATGGTAATCTTGATT
1-VCASCTGYYVYBBSCNNTB	STREME-1	chr10	53467633	53467651	-	7.89	CCATTTGTCACTGTCTAGC
1-VCASCTGYYVYBBSCNNTB	STREME-1	chr19	56030170	56030188	+	7.88	ACAGCTGCTGAGGCCCACT
1-VCASCTGYYVYBBSCNNTB	STREME-1	chr14	121397650	121397668	-	7.86	CCAGCTGGTAGTGCCTGCT
1-VCASCTGYYVYBBSCNNTB	STREME-1	chr11	11855229	11855247	+	7.86	GCAGGTGGTACCTTCTAGT
1-VCASCTGYYVYBBSCNNTB	STREME-1	chr16	86223241	86223259	-	7.85	ACACCTGCCTAGTCAGACT
1-VCASCTGYYVYBBSCNNTB	STREME-1	chr10	126981140	126981158	-	7.85	CCAGCTGCTCTGCTCTCCG
1-VCASCTGYYVYBBSCNNTB	STREME-1	chr2	102117579	102117597	+	7.84	ACACCTGCTACTCAGCAGT
1-VCASCTGYYVYBBSCNNTB	STREME-1	chr1	62838808	62838826	+	7.84	GCAGATGGCACGAGGCATC
1-VCASCTGYYVYBBSCNNTB	STREME-1	chr9	52800629	52800647	+	7.82	GCAGCTGCTATAACAGCAT
1-VCASCTGYYVYBBSCNNTB	STREME-1	chr10	21632872	21632890	-	7.81	ACAGCTGTCTCATGACTAA
1-VCASCTGYYVYBBSCNNTB	STREME-1	chr1	135528639	135528657	-	7.81	GCAACTGTCCTGGCCCTAT
1-VCASCTGYYVYBBSCNNTB	STREME-1	chr5	35908267	35908285	-	7.78	CCATCTGTCTCTCACTGTC
1-VCASCTGYYVYBBSCNNTB	STREME-1	chr2	29663441	29663459	+	7.77	CCAGCTGCTCTCTGCCCCT
1-VCASCTGYYVYBBSCNNTB	STREME-1	chr14	37032630	37032648	-	7.76	GCAGCTGTTGGGCATCGGT
1-VCASCTGYYVYBBSCNNTB	STREME-1	chr9	53610036	53610054	+	7.75	ACAGCTGATGCGGAGCGTG
1-VCASCTGYYVYBBSCNNTB	STREME-1	chr14	73369794	73369812	+	7.75	ACAGTTGCTCTCAGCATTT
1-VCASCTGYYVYBBSCNNTB	STREME-1	chr19	41953728	41953746	-	7.75	TCAGCTGTTTCAACACATC
1-VCASCTGYYVYBBSCNNTB	STREME-1	chr18	74794173	74794191	+	7.74	GCACCTGTCACTGAAGGGC
1-VCASCTGYYVYBBSCNNTB	STREME-1	chr12	111696379	111696397	+	7.74	CCACCTGTCCCCATCAGCT
1-VCASCTGYYVYBBSCNNTB	STREME-1	chr15	57796572	57796590	-	7.72	CCATCTGCTCCAGCTGTCG
1-VCASCTGYYVYBBSCNNTB	STREME-1	chr2	29755876	29755894	+	7.71	ACATCTGCCACCCCAGCAC
1-VCASCTGYYVYBBSCNNTB	STREME-1	chr2	6877263	6877281	-	7.70	CCAGCTGTTGCTGCTCAGC
1-VCASCTGYYVYBBSCNNTB	STREME-1	chr12	13053416	13053434	-	7.69	CCACCTGCTCCCATTGAGC
1-VCASCTGYYVYBBSCNNTB	STREME-1	chr12	104993066	104993084	-	7.67	GCAGCTGCCCTCACACTCC
1-VCASCTGYYVYBBSCNNTB	STREME-1	chr5	35166246	35166264	+	7.66	GCAGCTGACCCGCCTTTCT
1-VCASCTGYYVYBBSCNNTB	STREME-1	chr19	47222732	47222750	+	7.66	GCAGCTGTCACTGCTCAGG
1-VCASCTGYYVYBBSCNNTB	STREME-1	chr4	109106187	109106205	-	7.63	ACAGCTGGTACAACTGGTG
1-VCASCTGYYVYBBSCNNTB	STREME-1	chr2	91352018	91352036	+	7.63	GCATTTGGTATCATCAGTC
1-VCASCTGYYVYBBSCNNTB	STREME-1	chr1	90973699	90973717	-	7.63	CCAGCTGGCACCTGTCATT
1-VCASCTGYYVYBBSCNNTB	STREME-1	chr2	91352043	91352061	-	7.63	ACACCTGCTAGAGTGCCTG
1-VCASCTGYYVYBBSCNNTB	STREME-1	chr11	62747428	62747446	-	7.62	CCATCTGCTTGCTGCTTTT
1-VCASCTGYYVYBBSCNNTB	STREME-1	chr13	45768429	45768447	-	7.62	ACACTTGCCATGGGTCAAG
1-VCASCTGYYVYBBSCNNTB	STREME-1	chr15	94024380	94024398	+	7.60	GCAGCTGTAGCTGCCTATG
1-VCASCTGYYVYBBSCNNTB	STREME-1	chr9	88238508	88238526	+	7.60	ACACATGTCACCCTTCTTC
1-VCASCTGYYVYBBSCNNTB	STREME-1	chr10	85656115	85656133	+	7.60	CCAGCTGCTTCCTGCCCTG
1-VCASCTGYYVYBBSCNNTB	STREME-1	chr10	5419737	5419755	-	7.59	ACACCTGCCATGCATAACT
1-VCASCTGYYVYBBSCNNTB	STREME-1	chr2	181550440	181550458	-	7.58	CCAGCTGCCAGAGGCATTG
1-VCASCTGYYVYBBSCNNTB	STREME-1	chrUn_JH584304	40234	40252	-	7.57	CCATCTGTCTGTCTGCGTC
1-VCASCTGYYVYBBSCNNTB	STREME-1	chr17	44508347	44508365	+	7.57	GCAGCTGCTGGGGGTGGTC
1-VCASCTGYYVYBBSCNNTB	STREME-1	chr17	24137394	24137412	+	7.57	CCACCTGTCATCCCACAGA
1-VCASCTGYYVYBBSCNNTB	STREME-1	chr15	57796525	57796543	-	7.57	CCATTTGTTACTGTGACCT
1-VCASCTGYYVYBBSCNNTB	STREME-1	chr7	93588257	93588275	+	7.57	ACAACTGTTACAAGGCTAT
1-VCASCTGYYVYBBSCNNTB	STREME-1	chr9	63049470	63049488	-	7.56	GCATCTGTAACGTGTGCTC
1-VCASCTGYYVYBBSCNNTB	STREME-1	chr1	75380139	75380157	+	7.56	CCAGCTGTCCCATCACTCA
1-VCASCTGYYVYBBSCNNTB	STREME-1	chr14	25166398	25166416	-	7.56	GCAGCTGTTGAACCATCTG
1-VCASCTGYYVYBBSCNNTB	STREME-1	chr5	13908504	13908522	-	7.55	ACAGATGTTGTGAGTAAAT
1-VCASCTGYYVYBBSCNNTB	STREME-1	chr11	49404841	49404859	-	7.52	CCAGCTGTTTCCCTGTCTC
1-VCASCTGYYVYBBSCNNTB	STREME-1	chr6	30628345	30628363	+	7.51	TCATCTGTTGCCATTTGTC
1-VCASCTGYYVYBBSCNNTB	STREME-1	chr15	75670439	75670457	-	7.51	TCATCTGTTCATGCTTTCC
1-VCASCTGYYVYBBSCNNTB	STREME-1	chr17	29118305	29118323	+	7.51	ACAGCTGGCGCTCTCCTCA
1-VCASCTGYYVYBBSCNNTB	STREME-1	chr5	108436218	108436236	+	7.50	ACATCTGCTGTTGCTTGGG
1-VCASCTGYYVYBBSCNNTB	STREME-1	chr2	92984913	92984931	+	7.50	GCAGGTGCCATCCGTCCAT
1-VCASCTGYYVYBBSCNNTB	STREME-1	chr8	120214153	120214171	+	7.49	CCACCTGTTGCAGGGGTGG
1-VCASCTGYYVYBBSCNNTB	STREME-1	chr1	51243519	51243537	-	7.49	ACACCTGTCTTTACTGGCA
1-VCASCTGYYVYBBSCNNTB	STREME-1	chr18	82991146	82991164	-	7.47	ACAGCTGCCCTGCCACAAC
1-VCASCTGYYVYBBSCNNTB	STREME-1	chr2	27436495	27436513	-	7.46	ACAGCTGTCTCACGGAAGA
1-VCASCTGYYVYBBSCNNTB	STREME-1	chr17	68108024	68108042	-	7.45	ACAGCTGTTCTGCCACCTG
1-VCASCTGYYVYBBSCNNTB	STREME-1	chr6	97227254	97227272	-	7.42	CCACCTGTTCATCCTGCTG
1-VCASCTGYYVYBBSCNNTB	STREME-1	chr17	88042570	88042588	+	7.37	CCAGCTGTTTCTGAGCACG
1-VCASCTGYYVYBBSCNNTB	STREME-1	chr16	49336091	49336109	+	7.37	CCAGCTGTCTCTGGGCCTG
1-VCASCTGYYVYBBSCNNTB	STREME-1	chr18	46450155	46450173	-	7.35	ACAGGTGTCACCTGTCGTG
1-VCASCTGYYVYBBSCNNTB	STREME-1	chr9	50457745	50457763	-	7.35	ACAGCTGGCACTGCTGGTC
1-VCASCTGYYVYBBSCNNTB	STREME-1	chr4	8799655	8799673	-	7.35	GCACCTGCTCTTTTGGCTG
1-VCASCTGYYVYBBSCNNTB	STREME-1	chr13	63136203	63136221	-	7.34	ACATTTGTCAGACGCTGTT
1-VCASCTGYYVYBBSCNNTB	STREME-1	chr6	89348018	89348036	+	7.32	ACAGCTGTCCACTCTAGGG
1-VCASCTGYYVYBBSCNNTB	STREME-1	chr10	69238526	69238544	+	7.30	GCAGATGTCCCTTACAGCG
1-VCASCTGYYVYBBSCNNTB	STREME-1	chr17	86988780	86988798	+	7.28	ACAGTTGTCAGGGCTTGTT
1-VCASCTGYYVYBBSCNNTB	STREME-1	chr16	93733354	93733372	+	7.27	CCACCTGTCTGGTCTAAAG
1-VCASCTGYYVYBBSCNNTB	STREME-1	chr16	45797031	45797049	+	7.27	CCAGCTGTCCTGACACTTG
1-VCASCTGYYVYBBSCNNTB	STREME-1	chr2	168023804	168023822	+	7.27	ACATCTGTCCCTACTGCCA
1-VCASCTGYYVYBBSCNNTB	STREME-1	chr7	90312665	90312683	-	7.27	ACATCTGTCCCTGGCAGGA
1-VCASCTGYYVYBBSCNNTB	STREME-1	chr8	25554909	25554927	+	7.27	ACACCTGTTAGCTGGAGGC
1-VCASCTGYYVYBBSCNNTB	STREME-1	chr17	88042559	88042577	-	7.26	ACAGCTGGTCTCTGGCATT
1-VCASCTGYYVYBBSCNNTB	STREME-1	chr1	56862990	56863008	+	7.26	ACAGCTGCTCTAAACTCAT
1-VCASCTGYYVYBBSCNNTB	STREME-1	chr12	83849034	83849052	-	7.26	GCAGCTGTCAGTGCACCTG
1-VCASCTGYYVYBBSCNNTB	STREME-1	chr10	99592294	99592312	+	7.26	ACACCTGTCATGCCAGGGG
1-VCASCTGYYVYBBSCNNTB	STREME-1	chr11	69368091	69368109	-	7.25	CCAGCTGCTCTGTCCTGAC
1-VCASCTGYYVYBBSCNNTB	STREME-1	chr17	85087796	85087814	-	7.24	CCACGTGTTCTCCTTAGCC
1-VCASCTGYYVYBBSCNNTB	STREME-1	chr4	40877203	40877221	+	7.23	ACATCTGTTGAGCATTCGT
1-VCASCTGYYVYBBSCNNTB	STREME-1	chr13	83076777	83076795	+	7.23	CCACCTGTCCCCTGTGAAG
1-VCASCTGYYVYBBSCNNTB	STREME-1	chr19	41952447	41952465	+	7.23	ACAGCTGTCTTGTGGAAAT
1-VCASCTGYYVYBBSCNNTB	STREME-1	chr13	107678883	107678901	+	7.22	ACAGTTGCTCACTGGAATT
1-VCASCTGYYVYBBSCNNTB	STREME-1	chr2	25460620	25460638	+	7.22	CCAGCTGTCTCCTATCCCC
1-VCASCTGYYVYBBSCNNTB	STREME-1	chr7	45334680	45334698	-	7.22	ACAGGTGTCACTGCCTTCT
1-VCASCTGYYVYBBSCNNTB	STREME-1	chr11	6274811	6274829	-	7.22	GCAGGTGTTGGGGTCGGAC
1-VCASCTGYYVYBBSCNNTB	STREME-1	chr2	19601562	19601580	+	7.21	ACACCTGCTGTCTGCCTCT
1-VCASCTGYYVYBBSCNNTB	STREME-1	chr18	10784396	10784414	+	7.21	GCATCTGTTATCCCTGTCA
1-VCASCTGYYVYBBSCNNTB	STREME-1	chr5	140465059	140465077	-	7.20	ACAGATGCTCACTGCCATT
1-VCASCTGYYVYBBSCNNTB	STREME-1	chr7	142500189	142500207	+	7.19	TCAGCTGCCACTGGCTCCT
1-VCASCTGYYVYBBSCNNTB	STREME-1	chr19	56030159	56030177	-	7.19	GCAGCTGTCCTTCCATCCA
1-VCASCTGYYVYBBSCNNTB	STREME-1	chr10	9005794	9005812	-	7.18	ACAGCTGCCATCTGTTGTG
1-VCASCTGYYVYBBSCNNTB	STREME-1	chr1	20633681	20633699	-	7.17	GCAGCTGTCTTCCCTTGGG
1-VCASCTGYYVYBBSCNNTB	STREME-1	chr17	29056888	29056906	+	7.16	GCAGCTGCTGCCTGCCCAC
1-VCASCTGYYVYBBSCNNTB	STREME-1	chr10	77471033	77471051	+	7.15	GCAGTTGCTTGTGCCTGTC
1-VCASCTGYYVYBBSCNNTB	STREME-1	chr17	84776757	84776775	-	7.15	TCAGCTGTCACTGTGGTAC
1-VCASCTGYYVYBBSCNNTB	STREME-1	chr12	44344311	44344329	-	7.14	GCAGCTGCTGGGAGTCATC
1-VCASCTGYYVYBBSCNNTB	STREME-1	chr13	52175908	52175926	+	7.14	CCACCTGCCTACTGGTGGG
1-VCASCTGYYVYBBSCNNTB	STREME-1	chr5	21144672	21144690	+	7.14	GCAGCTGCATCCGGTTTCC
1-VCASCTGYYVYBBSCNNTB	STREME-1	chr1	135528625	135528643	+	7.13	TCACCTGCTGATAGATAGG
1-VCASCTGYYVYBBSCNNTB	STREME-1	chr14	46898133	46898151	+	7.11	GCACCTGTTTGTAGGGAAA
1-VCASCTGYYVYBBSCNNTB	STREME-1	chr18	61637813	61637831	-	7.11	CCACCTGTCAGGGCAGGGT
1-VCASCTGYYVYBBSCNNTB	STREME-1	chr6	4701809	4701827	+	7.10	CCACCTGTTGTGCCTTCCA
1-VCASCTGYYVYBBSCNNTB	STREME-1	chr12	80203845	80203863	+	7.10	GCAGATGTTTCTGTGCATC
1-VCASCTGYYVYBBSCNNTB	STREME-1	chr11	49404852	49404870	+	7.10	ACAGCTGGCTCTACTCAAG
1-VCASCTGYYVYBBSCNNTB	STREME-1	chr16	93733300	93733318	+	7.09	GCACTTGGTGCTGGCAGTC
1-VCASCTGYYVYBBSCNNTB	STREME-1	chr13	55374440	55374458	-	7.08	ACACCTGCCTGCACCCCAC
1-VCASCTGYYVYBBSCNNTB	STREME-1	chr15	27552339	27552357	-	7.08	CCAGCTGTCATTTGGACCA
1-VCASCTGYYVYBBSCNNTB	STREME-1	chr10	14036721	14036739	-	7.04	CCAGTTGCTATCAGCAAAG
1-VCASCTGYYVYBBSCNNTB	STREME-1	chr18	20809250	20809268	+	7.03	CCATCTGTTCCTGACAGAC
1-VCASCTGYYVYBBSCNNTB	STREME-1	chr7	45334713	45334731	-	7.03	TCAGCTGTCCCCACCAAAG
1-VCASCTGYYVYBBSCNNTB	STREME-1	chr8	14678197	14678215	+	7.02	TCAGTTGTCCCTGGATGAT
1-VCASCTGYYVYBBSCNNTB	STREME-1	chr1	177646371	177646389	-	7.00	GCAGGTGGCCCCGCACATG
1-VCASCTGYYVYBBSCNNTB	STREME-1	chrX	96120186	96120204	+	7.00	CCAGTTGCTAGTGTCAGAC
1-VCASCTGYYVYBBSCNNTB	STREME-1	chr10	14041740	14041758	+	7.00	GCAGCTGTCCTGGGTGGCC
1-VCASCTGYYVYBBSCNNTB	STREME-1	chr2	156192271	156192289	-	6.98	GCAGCTGTCACCAGCACTG
1-VCASCTGYYVYBBSCNNTB	STREME-1	chr9	71874978	71874996	+	6.98	GCAGCTGCTGCAGCTCAAC
1-VCASCTGYYVYBBSCNNTB	STREME-1	chr3	122415060	122415078	+	6.97	GCATCTGTCATCAGGCTAG
1-VCASCTGYYVYBBSCNNTB	STREME-1	chr1	166014705	166014723	+	6.97	CCACCTGTTGTTTCTGACA
1-VCASCTGYYVYBBSCNNTB	STREME-1	chr5	21144693	21144711	-	6.97	ACAGCTGTCTTTCTCTCAA
1-VCASCTGYYVYBBSCNNTB	STREME-1	chr3	116929263	116929281	-	6.96	ACAGCTGGCGTCTCTTGGA
1-VCASCTGYYVYBBSCNNTB	STREME-1	chr13	24506027	24506045	+	6.95	CCACCTGTTCTTCTGGGAA
1-VCASCTGYYVYBBSCNNTB	STREME-1	chr5	110526826	110526844	+	6.94	TCAGCTGTCTCCTGCTACT
1-VCASCTGYYVYBBSCNNTB	STREME-1	chr17	25925562	25925580	-	6.93	GCAGCTGTCCTCGTGTGCA
1-VCASCTGYYVYBBSCNNTB	STREME-1	chr3	5754874	5754892	-	6.93	ACAGCTGCTCAGCCATGTC
1-VCASCTGYYVYBBSCNNTB	STREME-1	chr9	62166298	62166316	-	6.91	GCAGCTGCCTCCACCTGCT
1-VCASCTGYYVYBBSCNNTB	STREME-1	chr2	29755895	29755913	+	6.91	ACACCTGTCAATCACCTCA
1-VCASCTGYYVYBBSCNNTB	STREME-1	chr8	126595561	126595579	+	6.90	CCAGCTGGTTTGGGCACCT
1-VCASCTGYYVYBBSCNNTB	STREME-1	chr8	124286746	124286764	+	6.90	GCAGCTGGCTATGGACTTG
1-VCASCTGYYVYBBSCNNTB	STREME-1	chr1	131432052	131432070	+	6.90	ACAGCTGCTACAGCTCTGG
1-VCASCTGYYVYBBSCNNTB	STREME-1	chr3	85210028	85210046	+	6.89	GCACCTGTCAACTCTGTGC
1-VCASCTGYYVYBBSCNNTB	STREME-1	chr10	24905315	24905333	-	6.88	ACAACTGTCATAGTGCCGG
1-VCASCTGYYVYBBSCNNTB	STREME-1	chr5	13908515	13908533	+	6.86	ACATCTGTTGGCCTAGGAC
1-VCASCTGYYVYBBSCNNTB	STREME-1	chr5	32830187	32830205	+	6.85	ACACATGTTCTTTTCAGAT
1-VCASCTGYYVYBBSCNNTB	STREME-1	chr2	117868980	117868998	-	6.84	GCAGGTGGTATTTTGCTTC
1-VCASCTGYYVYBBSCNNTB	STREME-1	chr5	131090056	131090074	+	6.82	ACATATGGCGTGTTCCAAT
1-VCASCTGYYVYBBSCNNTB	STREME-1	chr13	59652867	59652885	+	6.82	CCACCTGTCACTGAAGGAA
1-VCASCTGYYVYBBSCNNTB	STREME-1	chr5	138694309	138694327	-	6.82	GCAGCTGTTGCCTTTGCCT
1-VCASCTGYYVYBBSCNNTB	STREME-1	chr10	69238490	69238508	+	6.82	CCACCTGCTGTGGCTCTGC
1-VCASCTGYYVYBBSCNNTB	STREME-1	chr2	116368984	116369002	-	6.81	GCAGCTGTCTCTATTCTCA
1-VCASCTGYYVYBBSCNNTB	STREME-1	chr5	110608027	110608045	-	6.81	CCAGCTGCTCTGAGCTGTC
1-VCASCTGYYVYBBSCNNTB	STREME-1	chr8	123510950	123510968	-	6.76	GCAGCTGCCCTTAGTGTGG
1-VCASCTGYYVYBBSCNNTB	STREME-1	chr1	151250980	151250998	-	6.76	GCAACTGTTTGCGGTTGCT
1-VCASCTGYYVYBBSCNNTB	STREME-1	chr17	29056860	29056878	+	6.75	ACAGCTGTTTCCTCTGGCT
1-VCASCTGYYVYBBSCNNTB	STREME-1	chr1	43260089	43260107	+	6.74	GCAGCTGCCTCTCTACAGG
1-VCASCTGYYVYBBSCNNTB	STREME-1	chr14	37032648	37032666	-	6.74	TCAGCTGCTCTCCCCACTG
1-VCASCTGYYVYBBSCNNTB	STREME-1	chr9	49925978	49925996	+	6.74	TCAGCTGTTATCAGTCAGT
1-VCASCTGYYVYBBSCNNTB	STREME-1	chr5	13908449	13908467	-	6.73	CCAGTTGCCACTGAGTAGC
1-VCASCTGYYVYBBSCNNTB	STREME-1	chr5	93106241	93106259	-	6.73	GCACCTGTTGCCCTGAGCT
1-VCASCTGYYVYBBSCNNTB	STREME-1	chr19	41953779	41953797	-	6.73	GCAGATGGTCCCACCAAAT
1-VCASCTGYYVYBBSCNNTB	STREME-1	chr3	116929255	116929273	+	6.72	ACAGCTGGTCCAAGAGACG
1-VCASCTGYYVYBBSCNNTB	STREME-1	chr15	82135542	82135560	-	6.71	GCAGCTGTTAGCACCCTGA
1-VCASCTGYYVYBBSCNNTB	STREME-1	chr9	50457756	50457774	+	6.71	CCAGCTGTCCACCCCATCA
1-VCASCTGYYVYBBSCNNTB	STREME-1	chr10	120411123	120411141	-	6.71	GCAGCTGCTCAGAGACGGG
1-VCASCTGYYVYBBSCNNTB	STREME-1	chr5	131090022	131090040	-	6.71	CCAGCTGCCTCAACCCACA
1-VCASCTGYYVYBBSCNNTB	STREME-1	chr8	127118417	127118435	+	6.70	ACAGTTGCTGCAGCCTGTC
1-VCASCTGYYVYBBSCNNTB	STREME-1	chr10	126981151	126981169	+	6.69	GCAGCTGGCTCCTGACCGT
1-VCASCTGYYVYBBSCNNTB	STREME-1	chr6	89059787	89059805	+	6.69	GCAGCTGCTCTGGGCCTCA
1-VCASCTGYYVYBBSCNNTB	STREME-1	chr11	50746714	50746732	-	6.67	CCAGCTGTCACCAGGGAGT
1-VCASCTGYYVYBBSCNNTB	STREME-1	chr5	33656934	33656952	+	6.67	GCAGCTGCTTCACACCAAT
1-VCASCTGYYVYBBSCNNTB	STREME-1	chr10	76002327	76002345	+	6.67	CCATCTGTCTCAGCTGCTC
1-VCASCTGYYVYBBSCNNTB	STREME-1	chr17	25509476	25509494	+	6.66	GCACTTGGTCCTTCAGTAG
1-VCASCTGYYVYBBSCNNTB	STREME-1	chr13	55484744	55484762	-	6.64	GCAGCTGTCGGATTGGCTG
1-VCASCTGYYVYBBSCNNTB	STREME-1	chr8	35468359	35468377	-	6.64	TCAGCTGTCCCCTGCGTCA
1-VCASCTGYYVYBBSCNNTB	STREME-1	chr6	55138452	55138470	-	6.63	GCAGCTGTTCCCAGGCCTG
1-VCASCTGYYVYBBSCNNTB	STREME-1	chr13	59519607	59519625	-	6.63	ACAGTTGGTGTGTGCGGGT
1-VCASCTGYYVYBBSCNNTB	STREME-1	chr11	11855218	11855236	-	6.63	CCACCTGCTGCTGCTCCCA
1-VCASCTGYYVYBBSCNNTB	STREME-1	chr14	25166409	25166427	+	6.63	ACAGCTGCTAAGAGAGTGC
1-VCASCTGYYVYBBSCNNTB	STREME-1	chr6	89348051	89348069	+	6.62	ACAGCTGCTCTGGCAGTCC
1-VCASCTGYYVYBBSCNNTB	STREME-1	chr2	102117540	102117558	+	6.62	CCATCTGGCTTGACAAGTC
1-VCASCTGYYVYBBSCNNTB	STREME-1	chr9	52800673	52800691	-	6.62	CCAACTGCTCCTGCCAAAG
1-VCASCTGYYVYBBSCNNTB	STREME-1	chr18	57259151	57259169	+	6.61	ACAGCTGACATGCCCATTT
1-VCASCTGYYVYBBSCNNTB	STREME-1	chr13	23372589	23372607	-	6.61	ACAGTTGTCCAAATGAATC
1-VCASCTGYYVYBBSCNNTB	STREME-1	chr11	59323136	59323154	-	6.61	GCAGCTGCCGCCCAGCCCT
1-VCASCTGYYVYBBSCNNTB	STREME-1	chr8	123895389	123895407	+	6.61	GCAGCTGTCACTGGGCAGA
1-VCASCTGYYVYBBSCNNTB	STREME-1	chr6	87075220	87075238	+	6.61	GCAGCTGCTCTCTTGCTCC
1-VCASCTGYYVYBBSCNNTB	STREME-1	chr19	46900047	46900065	-	6.59	GCAGCTGCACCCGTGATTG
1-VCASCTGYYVYBBSCNNTB	STREME-1	chr5	24600449	24600467	+	6.58	CCACCTGACTCTGTCACTC
1-VCASCTGYYVYBBSCNNTB	STREME-1	chr11	7372054	7372072	+	6.58	TCAGCTGCCACCTGCCTCT
1-VCASCTGYYVYBBSCNNTB	STREME-1	chr10	66819673	66819691	+	6.58	GCACCTGCCATCCACACAT
1-VCASCTGYYVYBBSCNNTB	STREME-1	chr10	88057448	88057466	+	6.57	ACAGATGCTCCAATCTGTA
1-VCASCTGYYVYBBSCNNTB	STREME-1	chr10	41544685	41544703	+	6.56	GCAGCTGCTTGCTGACCTC
1-VCASCTGYYVYBBSCNNTB	STREME-1	chr2	6667746	6667764	-	6.56	ACAGCTGGTGTGGGGAAAT
1-VCASCTGYYVYBBSCNNTB	STREME-1	chr2	128321745	128321763	+	6.55	CCAGCTGCCTGTGGGTGTC
1-VCASCTGYYVYBBSCNNTB	STREME-1	chr19	44576509	44576527	+	6.55	CCAACTGTCACTGGCACCT
1-VCASCTGYYVYBBSCNNTB	STREME-1	chr8	120214130	120214148	-	6.53	CCATCTGCTTGGGCTCCTG
1-VCASCTGYYVYBBSCNNTB	STREME-1	chr15	56634440	56634458	+	6.52	GCAGCTGTTTAGCTGCTTC
1-VCASCTGYYVYBBSCNNTB	STREME-1	chr9	56132312	56132330	+	6.50	GCATCTGTTTCCATCAACA
1-VCASCTGYYVYBBSCNNTB	STREME-1	chr12	108135964	108135982	-	6.49	CCATGTGTCACTACAAGAT
1-VCASCTGYYVYBBSCNNTB	STREME-1	chr15	56634429	56634447	-	6.47	ACAGCTGCTCATGTGAGTG
1-VCASCTGYYVYBBSCNNTB	STREME-1	chr1	62838831	62838849	-	6.46	GCAGCTGCTTCCTACAAGG
1-VCASCTGYYVYBBSCNNTB	STREME-1	chr17	56345556	56345574	-	6.46	CCACCTGTCCACTGTCTCT
1-VCASCTGYYVYBBSCNNTB	STREME-1	chr5	36313586	36313604	+	6.46	TCAGCTGCTCCCCTCAGAT
1-VCASCTGYYVYBBSCNNTB	STREME-1	chr6	89348040	89348058	-	6.46	GCAGCTGTCTCCAGGTAGG
1-VCASCTGYYVYBBSCNNTB	STREME-1	chr2	59373293	59373311	-	6.45	GCAGGTGTTCCCATTCCTC
1-VCASCTGYYVYBBSCNNTB	STREME-1	chr5	139216952	139216970	-	6.45	GCAGCTGCTCTGCCTCCTG
1-VCASCTGYYVYBBSCNNTB	STREME-1	chr15	27953769	27953787	+	6.45	GCATCTGCCCTCTGGCCTG
1-VCASCTGYYVYBBSCNNTB	STREME-1	chr1	131432041	131432059	-	6.44	GCAGCTGTTGGCCCAGTAA
1-VCASCTGYYVYBBSCNNTB	STREME-1	chr10	81072472	81072490	+	6.43	GCACCTGTCCGTGAGCTGC
1-VCASCTGYYVYBBSCNNTB	STREME-1	chr8	72470198	72470216	+	6.43	GCATGTGCCACGGCTGTCG
1-VCASCTGYYVYBBSCNNTB	STREME-1	chr9	62166309	62166327	+	6.43	GCAGCTGCCACAATTGGGC
1-VCASCTGYYVYBBSCNNTB	STREME-1	chr6	72200740	72200758	-	6.42	TCACCTGCTGCCCTCTTGC
1-VCASCTGYYVYBBSCNNTB	STREME-1	chr5	103778684	103778702	-	6.41	ACAGCTGACTACCCATTTA
1-VCASCTGYYVYBBSCNNTB	STREME-1	chr14	63659191	63659209	-	6.41	GCACCTGTCCTGAGGCTCT
1-VCASCTGYYVYBBSCNNTB	STREME-1	chr9	15104131	15104149	+	6.41	GCACGTGCTTAGGCAGATG
1-VCASCTGYYVYBBSCNNTB	STREME-1	chr5	21144661	21144679	-	6.41	GCAGCTGCCATAGCTGCTG
1-VCASCTGYYVYBBSCNNTB	STREME-1	chr17	25509429	25509447	-	6.41	CCATCTGCTGTGGCAGGTG
1-VCASCTGYYVYBBSCNNTB	STREME-1	chr10	85003804	85003822	+	6.38	ACATTTGGTCTCACTAATG
1-VCASCTGYYVYBBSCNNTB	STREME-1	chr8	93569877	93569895	+	6.38	GCAACTGCCTTTGGCAGAT
1-VCASCTGYYVYBBSCNNTB	STREME-1	chr7	90312676	90312694	+	6.37	ACAGATGTCGTGCCATGGA
1-VCASCTGYYVYBBSCNNTB	STREME-1	chr2	92984902	92984920	-	6.36	GCACCTGCTGTGCCCCTGA
1-VCASCTGYYVYBBSCNNTB	STREME-1	chr12	70680136	70680154	+	6.36	CCACCTGCCCAAAGCCCCA
1-VCASCTGYYVYBBSCNNTB	STREME-1	chr6	42385853	42385871	+	6.36	TCAGCTGCTGCTTCCTGCC
1-VCASCTGYYVYBBSCNNTB	STREME-1	chr10	61226977	61226995	+	6.35	GCAGCTGGTAGATATCATG
1-VCASCTGYYVYBBSCNNTB	STREME-1	chr1	131078964	131078982	+	6.30	CCAACTGCTCATTCACCCC
1-VCASCTGYYVYBBSCNNTB	STREME-1	chr1	183309778	183309796	+	6.30	CCACCTGCTGGGCCAGCTT
1-VCASCTGYYVYBBSCNNTB	STREME-1	chr1	183309822	183309840	+	6.30	CCACCTGCTGGGCCAGCTT
1-VCASCTGYYVYBBSCNNTB	STREME-1	chr10	79760811	79760829	+	6.27	GCAGCTGTCGTGGAACAGG
1-VCASCTGYYVYBBSCNNTB	STREME-1	chr12	33008453	33008471	+	6.27	ACAGCTGTTCCCCACATGC
1-VCASCTGYYVYBBSCNNTB	STREME-1	chr9	57089452	57089470	+	6.26	ACAGCTGTCCAGCCTCATG
1-VCASCTGYYVYBBSCNNTB	STREME-1	chr7	101834421	101834439	-	6.26	TCAGCTGCTGCTGCCATCT
1-VCASCTGYYVYBBSCNNTB	STREME-1	chr1	143904028	143904046	+	6.25	ACAGTTGGCTCAGCGGGAT
1-VCASCTGYYVYBBSCNNTB	STREME-1	chr3	128575953	128575971	-	6.24	ACAGCTGTTGTGTGGGTCC
1-VCASCTGYYVYBBSCNNTB	STREME-1	chr10	41544653	41544671	-	6.24	GCAGCTGGTATTTAGGGAA
1-VCASCTGYYVYBBSCNNTB	STREME-1	chr12	31927001	31927019	-	6.24	ACAGTTGCTTCTAGTCTGG
1-VCASCTGYYVYBBSCNNTB	STREME-1	chr6	29941219	29941237	+	6.24	GCAGTTGCCAAGAGGTAGC
1-VCASCTGYYVYBBSCNNTB	STREME-1	chr1	20058491	20058509	+	6.24	GCAACTGCTGTTGGGCCTC
1-VCASCTGYYVYBBSCNNTB	STREME-1	chr15	42483626	42483644	+	6.23	GCAGCTGTTGACTGTTCAC
1-VCASCTGYYVYBBSCNNTB	STREME-1	chr13	100440268	100440286	+	6.22	CCAGCTGTTCGGCCTGTCA
1-VCASCTGYYVYBBSCNNTB	STREME-1	chr11	101485581	101485599	+	6.22	TCAGCTGCCTCCCTCTGTC
1-VCASCTGYYVYBBSCNNTB	STREME-1	chr1	135836098	135836116	-	6.22	CCAGCTGTCCCTCTTGAGA
1-VCASCTGYYVYBBSCNNTB	STREME-1	chr6	72154142	72154160	-	6.22	GCAGCTGCCAGAGGTGATG
1-VCASCTGYYVYBBSCNNTB	STREME-1	chr6	72154153	72154171	+	6.21	GCAGCTGCTAGACAAGTTC
1-VCASCTGYYVYBBSCNNTB	STREME-1	chr12	80812365	80812383	-	6.21	ACAGATGCCAAATGCTAAG
1-VCASCTGYYVYBBSCNNTB	STREME-1	chr15	82135561	82135579	-	6.20	CCATCTGTCTTCTCAGGCT
1-VCASCTGYYVYBBSCNNTB	STREME-1	chr5	140465070	140465088	+	6.19	GCATCTGTCTCCTGCCTCA
1-VCASCTGYYVYBBSCNNTB	STREME-1	chr7	45334691	45334709	+	6.19	ACACCTGTTTGCAGCCAAG
1-VCASCTGYYVYBBSCNNTB	STREME-1	chr12	111696423	111696441	-	6.18	GCAGCTGTCAGGCCTATGT
1-VCASCTGYYVYBBSCNNTB	STREME-1	chr16	24635527	24635545	-	6.18	GCACCTGCTCTCTGGAAGA
1-VCASCTGYYVYBBSCNNTB	STREME-1	chr10	76002336	76002354	+	6.18	TCAGCTGCTCAGTTCCTTA
1-VCASCTGYYVYBBSCNNTB	STREME-1	chr4	40877192	40877210	-	6.17	ACAGATGTTTTTGTCAAGG
1-VCASCTGYYVYBBSCNNTB	STREME-1	chr17	25925573	25925591	+	6.17	ACAGCTGCCAGACTAATCT
1-VCASCTGYYVYBBSCNNTB	STREME-1	chr10	77471022	77471040	-	6.16	GCAACTGCCACTTTCAAGG
1-VCASCTGYYVYBBSCNNTB	STREME-1	chr15	27552305	27552323	+	6.15	CCACCTGTCTGCTTCTCAT
1-VCASCTGYYVYBBSCNNTB	STREME-1	chr18	77825327	77825345	+	6.15	GCAGCTGCTTCTGATAGCT
1-VCASCTGYYVYBBSCNNTB	STREME-1	chr5	144344809	144344827	-	6.13	CCAGCTGCCTTGTTTCAAG
1-VCASCTGYYVYBBSCNNTB	STREME-1	chr2	102293486	102293504	+	6.13	CCACATGCTGCTGCCTGTC
1-VCASCTGYYVYBBSCNNTB	STREME-1	chr10	4120831	4120849	-	6.13	ACAGCTGCCTCCAGTGAAC
1-VCASCTGYYVYBBSCNNTB	STREME-1	chr5	125116333	125116351	-	6.13	CCATCTGGCCTCATCTGTC
1-VCASCTGYYVYBBSCNNTB	STREME-1	chr5	88711332	88711350	-	6.13	CCATTTGTTCTCTCTCAGC
1-VCASCTGYYVYBBSCNNTB	STREME-1	chr1	143904057	143904075	+	6.10	ACAGTTGTCTGGTACCATA
1-VCASCTGYYVYBBSCNNTB	STREME-1	chr12	69723028	69723046	-	6.09	GCAGCTGCCCTGGTAGCAA
1-VCASCTGYYVYBBSCNNTB	STREME-1	chr9	21625507	21625525	+	6.08	ACAGTTGCTGCATCACCTG
1-VCASCTGYYVYBBSCNNTB	STREME-1	chr15	57796583	57796601	+	6.07	GCAGATGGCATTTGTCCTC
1-VCASCTGYYVYBBSCNNTB	STREME-1	chr8	121286300	121286318	+	6.06	ACAGCTGCTCTGGTCTGAG
1-VCASCTGYYVYBBSCNNTB	STREME-1	chr10	81072443	81072461	-	6.06	GCAGCTGCTGGCACTGATC
1-VCASCTGYYVYBBSCNNTB	STREME-1	chr10	28186214	28186232	+	6.05	TCAGCTGCTGAAAGCAATC
1-VCASCTGYYVYBBSCNNTB	STREME-1	chr14	46898167	46898185	+	6.04	CCAGTTGCTCTCTAACCAC
1-VCASCTGYYVYBBSCNNTB	STREME-1	chr3	52603578	52603596	-	6.04	ACAGCTGCCCATTTTCTGT
1-VCASCTGYYVYBBSCNNTB	STREME-1	chr4	154005615	154005633	+	6.03	ACAGCTGCCTCCTTTGTCC
1-VCASCTGYYVYBBSCNNTB	STREME-1	chr10	79760800	79760818	-	6.03	ACAGCTGCATCGTGCCCTG
1-VCASCTGYYVYBBSCNNTB	STREME-1	chr7	34955441	34955459	-	6.03	ACAGATGTTGGTTCCTTGA
1-VCASCTGYYVYBBSCNNTB	STREME-1	chr17	29056877	29056895	-	6.02	GCAGCTGCCACCCACAAAG
1-VCASCTGYYVYBBSCNNTB	STREME-1	chr15	75758159	75758177	-	6.02	ACAGGTGCCATGGATCGAG
1-VCASCTGYYVYBBSCNNTB	STREME-1	chr3	114757463	114757481	-	6.02	ACAGCTGGTAACACATGGT
1-VCASCTGYYVYBBSCNNTB	STREME-1	chr5	33656923	33656941	-	6.01	GCAGCTGCTTAGGCTCCAG
1-VCASCTGYYVYBBSCNNTB	STREME-1	chr8	94066588	94066606	+	6.01	TCAGTTGCCATGTGCCGCA
1-VCASCTGYYVYBBSCNNTB	STREME-1	chr9	77637552	77637570	+	6.00	ACAGCTGATTCTCACCCTT
1-VCASCTGYYVYBBSCNNTB	STREME-1	chr8	106534588	106534606	+	6.00	GCAGCTGCTCAGTGGTTAA
1-VCASCTGYYVYBBSCNNTB	STREME-1	chr10	79760786	79760804	+	6.00	TCACCTGCTCCAGCCAGGG
1-VCASCTGYYVYBBSCNNTB	STREME-1	chr2	114048410	114048428	+	6.00	ACATATGCTTCCCCTACAA
1-VCASCTGYYVYBBSCNNTB	STREME-1	chr13	45768415	45768433	+	5.99	ACACCTGCTCTGGACTTGA
1-VCASCTGYYVYBBSCNNTB	STREME-1	chr2	27436532	27436550	+	5.99	GCAGCTGTTGTTGTCTGCA
1-VCASCTGYYVYBBSCNNTB	STREME-1	chr1	62784231	62784249	+	5.98	CCAACTGCTCTTTCAGCTT
1-VCASCTGYYVYBBSCNNTB	STREME-1	chr1	53824319	53824337	+	5.98	ACAGCTGTCACCCTTCACA
1-VCASCTGYYVYBBSCNNTB	STREME-1	chr2	58711708	58711726	+	5.95	CCAGCTGCCAGTAGCAGCT
1-VCASCTGYYVYBBSCNNTB	STREME-1	chr1	133625221	133625239	+	5.94	CCATCTGCCTGAGGGTTAG
1-VCASCTGYYVYBBSCNNTB	STREME-1	chr14	21684003	21684021	+	5.93	ACACCTGTCACCCATGTCT
1-VCASCTGYYVYBBSCNNTB	STREME-1	chr1	172170021	172170039	+	5.93	ACAGCTGCTGTGAGTTCAT
1-VCASCTGYYVYBBSCNNTB	STREME-1	chr3	116929227	116929245	-	5.93	TCAGCTGTCCTCCGAGGCA
1-VCASCTGYYVYBBSCNNTB	STREME-1	chr15	86172311	86172329	-	5.92	TCACCTGCCAAGGGCAGCT
1-VCASCTGYYVYBBSCNNTB	STREME-1	chrUn_JH584304	40259	40277	+	5.92	CCATATGCCTCTGGTCAAG
1-VCASCTGYYVYBBSCNNTB	STREME-1	chr5	103789943	103789961	-	5.91	GCAGCTGCTGTGCCAACTG
1-VCASCTGYYVYBBSCNNTB	STREME-1	chr6	72154191	72154209	+	5.91	CCATCTGCCAGCTGGCTCG
1-VCASCTGYYVYBBSCNNTB	STREME-1	chr1	153108032	153108050	-	5.91	GCAGCTGCCTGCTGCTTTC
1-VCASCTGYYVYBBSCNNTB	STREME-1	chr5	36313566	36313584	+	5.89	ACAGTTGTCAGCACCCACC
1-VCASCTGYYVYBBSCNNTB	STREME-1	chr11	101485557	101485575	-	5.89	GCAGCTGCTCGACAAATGT
1-VCASCTGYYVYBBSCNNTB	STREME-1	chr16	93733343	93733361	+	5.89	ACATCTGTTCTCCACCTGT
1-VCASCTGYYVYBBSCNNTB	STREME-1	chr7	81854666	81854684	+	5.89	TCACCTGCCTGAGGATGTA
1-VCASCTGYYVYBBSCNNTB	STREME-1	chr6	72154214	72154232	-	5.88	ACAGCTGCCCTGCCTGAGT
1-VCASCTGYYVYBBSCNNTB	STREME-1	chr15	83127271	83127289	+	5.87	CCAGCTGTCCTAGTGCTCA
1-VCASCTGYYVYBBSCNNTB	STREME-1	chr15	83127307	83127325	+	5.87	CCAGCTGTCCTAGTGCTCA
1-VCASCTGYYVYBBSCNNTB	STREME-1	chr5	21144704	21144722	+	5.86	ACAGCTGTTCTGAGGCAGT
1-VCASCTGYYVYBBSCNNTB	STREME-1	chr4	129829872	129829890	-	5.85	ACACCTGCTTCTGAGACAC
1-VCASCTGYYVYBBSCNNTB	STREME-1	chr17	86988720	86988738	+	5.85	ACAGTTGCTTCCTGTGTAT
1-VCASCTGYYVYBBSCNNTB	STREME-1	chr15	10940264	10940282	-	5.82	ACAGCTGTTCAGCCTTGAG
1-VCASCTGYYVYBBSCNNTB	STREME-1	chr8	124286689	124286707	+	5.81	CCATCTGCTGGTTGCCTGG
1-VCASCTGYYVYBBSCNNTB	STREME-1	chr8	35705036	35705054	+	5.79	ACAGCTGTAGCCTCAAGTG
1-VCASCTGYYVYBBSCNNTB	STREME-1	chr6	82884785	82884803	+	5.78	ACACCTGACACAGCTCTTT
1-VCASCTGYYVYBBSCNNTB	STREME-1	chr6	72200770	72200788	-	5.77	ACAGCTGCCATGTGCAGCT
1-VCASCTGYYVYBBSCNNTB	STREME-1	chr15	31269743	31269761	-	5.77	ACAGTTGGTCATACCCCCA
1-VCASCTGYYVYBBSCNNTB	STREME-1	chr19	46900058	46900076	+	5.76	GCAGCTGCTGTGGCAATCA
1-VCASCTGYYVYBBSCNNTB	STREME-1	chr2	156192288	156192306	+	5.75	GCAGCTGCTGCTGTGGCTT
1-VCASCTGYYVYBBSCNNTB	STREME-1	chr10	117721625	117721643	+	5.74	GCATATGGTACAGTCAGTG
1-VCASCTGYYVYBBSCNNTB	STREME-1	chr8	106044325	106044343	-	5.74	GCACCTGACATGGGGTAGG
1-VCASCTGYYVYBBSCNNTB	STREME-1	chr10	59195061	59195079	-	5.72	ACATCTGCTGTCCCTGGGT
1-VCASCTGYYVYBBSCNNTB	STREME-1	chr1	156046937	156046955	+	5.70	ACACCTGTTCTGTCAGTCA
1-VCASCTGYYVYBBSCNNTB	STREME-1	chr12	111664558	111664576	-	5.70	GCAGCTGTTGACTCTGGCT
1-VCASCTGYYVYBBSCNNTB	STREME-1	chr11	101485568	101485586	+	5.69	GCAGCTGCCTCCCTCAGCT
1-VCASCTGYYVYBBSCNNTB	STREME-1	chr13	29759904	29759922	-	5.69	ACAGTTGTCTTCTGTTAGC
1-VCASCTGYYVYBBSCNNTB	STREME-1	chr1	133625275	133625293	+	5.69	ACACCTGCTGCTCTTGCAA
1-VCASCTGYYVYBBSCNNTB	STREME-1	chr10	84060840	84060858	-	5.69	ACACTTGTTCACACCCAGC
1-VCASCTGYYVYBBSCNNTB	STREME-1	chr7	93588223	93588241	+	5.68	CCAGCTGTCTAGTTTTTGA
1-VCASCTGYYVYBBSCNNTB	STREME-1	chr12	82271640	82271658	+	5.68	GCACCTGCTGTGCCTGGGC
1-VCASCTGYYVYBBSCNNTB	STREME-1	chr18	77825383	77825401	-	5.66	TCACGTGTTCACGTCAGGC
1-VCASCTGYYVYBBSCNNTB	STREME-1	chr13	49349540	49349558	+	5.66	ACATTTGGCACCCACCATC
1-VCASCTGYYVYBBSCNNTB	STREME-1	chr15	27953758	27953776	-	5.65	GCAGATGCATTTGCGCTTG
1-VCASCTGYYVYBBSCNNTB	STREME-1	chr17	44508407	44508425	-	5.65	GCACCTGTTCAGGGACACA
1-VCASCTGYYVYBBSCNNTB	STREME-1	chr10	53469790	53469808	+	5.64	CCAGCTGCTGCTGTGCTTG
1-VCASCTGYYVYBBSCNNTB	STREME-1	chr1	131079012	131079030	+	5.63	ACAGATGTAGCTGCTATTC
1-VCASCTGYYVYBBSCNNTB	STREME-1	chr3	53416268	53416286	-	5.62	ACAGATGGCACTGTCAGTT
1-VCASCTGYYVYBBSCNNTB	STREME-1	chr8	11753325	11753343	+	5.61	CCAGCTGTCTGTCCAAGAC
1-VCASCTGYYVYBBSCNNTB	STREME-1	chr10	21632906	21632924	+	5.60	GCAGCTGTCACTCTTGTCA
1-VCASCTGYYVYBBSCNNTB	STREME-1	chr6	114796162	114796180	+	5.59	ACAGCTGGCCCTGGTCAGC
1-VCASCTGYYVYBBSCNNTB	STREME-1	chr15	10940286	10940304	+	5.59	ACAGCTGTTGTGTGCTTCA
1-VCASCTGYYVYBBSCNNTB	STREME-1	chr15	94024356	94024374	-	5.59	ACACATGCTTCTCCAACAC
1-VCASCTGYYVYBBSCNNTB	STREME-1	chr1	89637815	89637833	-	5.59	TCAGCTGCTGGAACCACTC
1-VCASCTGYYVYBBSCNNTB	STREME-1	chr4	149735240	149735258	+	5.58	ACAGATGCCATTAGGGCTG
1-VCASCTGYYVYBBSCNNTB	STREME-1	chr1	51243463	51243481	-	5.58	CCACATGACGCCGAACAAC
1-VCASCTGYYVYBBSCNNTB	STREME-1	chr13	49349502	49349520	+	5.58	CCACCTGCTCATCTGGAGC
1-VCASCTGYYVYBBSCNNTB	STREME-1	chr1	135836109	135836127	+	5.57	ACAGCTGGTTTATGTTACA
1-VCASCTGYYVYBBSCNNTB	STREME-1	chr15	83469613	83469631	+	5.57	CCACCTGTCTGCTGCTGTC
1-VCASCTGYYVYBBSCNNTB	STREME-1	chr6	128259450	128259468	+	5.57	ACAGATGGTAGACCCATCT
1-VCASCTGYYVYBBSCNNTB	STREME-1	chr10	4120871	4120889	+	5.55	CCAGCTGTCTTTTGGCACA
1-VCASCTGYYVYBBSCNNTB	STREME-1	chr17	56261393	56261411	-	5.54	ACACCTGCTGTGCTGTCTT
1-VCASCTGYYVYBBSCNNTB	STREME-1	chr2	168023756	168023774	+	5.54	CCACCTGTCTCTGCTGACA
1-VCASCTGYYVYBBSCNNTB	STREME-1	chr6	88886609	88886627	-	5.53	GCACCTGCTGGGGTTGGGG
1-VCASCTGYYVYBBSCNNTB	STREME-1	chr3	114757464	114757482	+	5.53	CCATGTGTTACCAGCTGTT
1-VCASCTGYYVYBBSCNNTB	STREME-1	chr14	62852954	62852972	-	5.53	ACAGGTGTCACCTGTGGTT
1-VCASCTGYYVYBBSCNNTB	STREME-1	chr17	44508418	44508436	+	5.52	ACAGGTGCTGCCTGCCCTC
1-VCASCTGYYVYBBSCNNTB	STREME-1	chr8	25554898	25554916	-	5.50	ACAGGTGTTAGGCCCAAGG
1-VCASCTGYYVYBBSCNNTB	STREME-1	chr12	74524223	74524241	+	5.48	ACAGTTGTTGGCTGCTGTT
1-VCASCTGYYVYBBSCNNTB	STREME-1	chr2	168023788	168023806	+	5.47	ACACCTGTCTCTGCTGACA
1-VCASCTGYYVYBBSCNNTB	STREME-1	chr1	13385497	13385515	-	5.47	TCAGCTGCTCAGATCTCTC
1-VCASCTGYYVYBBSCNNTB	STREME-1	chr1	134307611	134307629	+	5.45	GCAGCTGCCCAGGCAAAGA
1-VCASCTGYYVYBBSCNNTB	STREME-1	chr14	77464920	77464938	-	5.44	ACAGATGCCACCAGTTGTG
1-VCASCTGYYVYBBSCNNTB	STREME-1	chrX	96120232	96120250	+	5.43	CCATCTGGCTGTGCCAGTA
1-VCASCTGYYVYBBSCNNTB	STREME-1	chr7	80166962	80166980	+	5.43	CCAGCTGCTGCACCACCAG
1-VCASCTGYYVYBBSCNNTB	STREME-1	chr3	5754858	5754876	+	5.42	ACATCTGCTGGTTTGGGAC
1-VCASCTGYYVYBBSCNNTB	STREME-1	chr1	156957544	156957562	+	5.42	GCAGCTGTTCCTCAGAGCC
1-VCASCTGYYVYBBSCNNTB	STREME-1	chr13	23372614	23372632	-	5.42	ACACCTGTCTTCCTTCTGA
1-VCASCTGYYVYBBSCNNTB	STREME-1	chr4	123035818	123035836	+	5.41	GCAGCTGTCTGGTCTTGTG
1-VCASCTGYYVYBBSCNNTB	STREME-1	chr9	52800684	52800702	+	5.41	GCAGTTGGCAAGACAAGTT
1-VCASCTGYYVYBBSCNNTB	STREME-1	chr2	62325558	62325576	-	5.40	CCATGTGGCATTCCGTAAG
1-VCASCTGYYVYBBSCNNTB	STREME-1	chr2	73392937	73392955	-	5.39	GCAGCTGTCACTGCTGCAG
1-VCASCTGYYVYBBSCNNTB	STREME-1	chr2	155606523	155606541	+	5.39	GCAGCTGCCACCTGTTCCA
1-VCASCTGYYVYBBSCNNTB	STREME-1	chr10	89827091	89827109	-	5.37	CCATATGTCACCACAGATG
1-VCASCTGYYVYBBSCNNTB	STREME-1	chr18	67374304	67374322	-	5.37	CCATCTGCCACCTAGACCA
1-VCASCTGYYVYBBSCNNTB	STREME-1	chr5	140465113	140465131	-	5.37	GCACCTGCTGTGTAGAGAC
1-VCASCTGYYVYBBSCNNTB	STREME-1	chr11	47766023	47766041	+	5.35	ACAGCTGGCACCTGTTGCC
1-VCASCTGYYVYBBSCNNTB	STREME-1	chr10	61226966	61226984	-	5.35	CCAGCTGCCCGCAGCAGGA
1-VCASCTGYYVYBBSCNNTB	STREME-1	chr13	83076811	83076829	-	5.35	ACAGCTGCCAGAAGCTAAA
1-VCASCTGYYVYBBSCNNTB	STREME-1	chr5	139216963	139216981	+	5.34	GCAGCTGCACCCTGCTTTC
1-VCASCTGYYVYBBSCNNTB	STREME-1	chr3	52603541	52603559	-	5.33	GCACATGTCCTCACATGTC
1-VCASCTGYYVYBBSCNNTB	STREME-1	chr16	30517826	30517844	-	5.33	GCAGCTGGCCGTGTCCTCA
1-VCASCTGYYVYBBSCNNTB	STREME-1	chr1	128444667	128444685	+	5.33	GCACCTGCTCTGGAGCCAC
1-VCASCTGYYVYBBSCNNTB	STREME-1	chr15	42483595	42483613	-	5.32	CCAGTTGCTTACTGACCAA
1-VCASCTGYYVYBBSCNNTB	STREME-1	chr9	117068241	117068259	+	5.32	CCACCTGTTGACCCTGTCA
1-VCASCTGYYVYBBSCNNTB	STREME-1	chr12	82226145	82226163	+	5.32	CCACTTGTTGCAGTGTGCC
1-VCASCTGYYVYBBSCNNTB	STREME-1	chr1	156957529	156957547	+	5.31	ACACATGTCCTCGGAGCAG
1-VCASCTGYYVYBBSCNNTB	STREME-1	chr18	35272704	35272722	+	5.31	GCAGCTGCTGCTCTGTAAA
1-VCASCTGYYVYBBSCNNTB	STREME-1	chr1	133625264	133625282	-	5.29	GCAGGTGTCTTAACCACTG
1-VCASCTGYYVYBBSCNNTB	STREME-1	chr17	6958985	6959003	-	5.28	TCATATGTCTCAGGTCTTC
1-VCASCTGYYVYBBSCNNTB	STREME-1	chr3	122415049	122415067	-	5.28	ACAGATGCAGACGCCCGGG
1-VCASCTGYYVYBBSCNNTB	STREME-1	chr14	47802836	47802854	+	5.28	CCAGTTGGTGCAGGCTGTC
1-VCASCTGYYVYBBSCNNTB	STREME-1	chr15	75670498	75670516	+	5.27	GCATGTGTCGTCTCAGCTT
1-VCASCTGYYVYBBSCNNTB	STREME-1	chr1	156046962	156046980	-	5.27	GCAAATGTTCTTTCCTTCC
1-VCASCTGYYVYBBSCNNTB	STREME-1	chr5	144344773	144344791	-	5.27	GCATCTGCCAAGCTTACCA
1-VCASCTGYYVYBBSCNNTB	STREME-1	chr8	78813355	78813373	-	5.26	ACAGTTGTTAGCAGAGAAC
1-VCASCTGYYVYBBSCNNTB	STREME-1	chr1	39458054	39458072	+	5.25	ACAGGTGCCATCCTCGTGA
1-VCASCTGYYVYBBSCNNTB	STREME-1	chr18	5380877	5380895	+	5.25	GCATATGTTTTCCACACTT
1-VCASCTGYYVYBBSCNNTB	STREME-1	chr5	138694320	138694338	+	5.24	ACAGCTGCTTGGACTCCTG
1-VCASCTGYYVYBBSCNNTB	STREME-1	chr8	81827495	81827513	+	5.23	ACAGCTGCTGTGAGTTTGT
1-VCASCTGYYVYBBSCNNTB	STREME-1	chr1	56089559	56089577	-	5.23	TCAGCTGTTGAGCGGGGGA
1-VCASCTGYYVYBBSCNNTB	STREME-1	chr14	89557524	89557542	-	5.22	GCAGCTGCTGTGGCATCAG
1-VCASCTGYYVYBBSCNNTB	STREME-1	chr17	29056849	29056867	-	5.22	ACAGCTGTTCTGCAGAGTC
1-VCASCTGYYVYBBSCNNTB	STREME-1	chr11	76494000	76494018	-	5.20	CCAGTTGTCCTTAGGGGCA
1-VCASCTGYYVYBBSCNNTB	STREME-1	chr17	24137431	24137449	+	5.20	GCACCTGCTGAGGGAGTCA
1-VCASCTGYYVYBBSCNNTB	STREME-1	chr4	118040770	118040788	+	5.20	ACAGCTGATACAGCAGCGG
1-VCASCTGYYVYBBSCNNTB	STREME-1	chr12	108135973	108135991	-	5.20	CCACCTGCTCCATGTGTCA
1-VCASCTGYYVYBBSCNNTB	STREME-1	chr8	95159536	95159554	+	5.19	CCAGCTGCTTTAGTGGGCA
1-VCASCTGYYVYBBSCNNTB	STREME-1	chr10	89827102	89827120	+	5.18	ACATATGGTGGTACGGCTG
1-VCASCTGYYVYBBSCNNTB	STREME-1	chr8	128594866	128594884	-	5.18	GCAGCTGCCTGATGAGAAT
1-VCASCTGYYVYBBSCNNTB	STREME-1	chr2	59373261	59373279	-	5.17	GCATTTGCTGTTGTCAGTG
1-VCASCTGYYVYBBSCNNTB	STREME-1	chr2	91351984	91352002	-	5.17	ACAGCTGCACTTCTCAGTT
1-VCASCTGYYVYBBSCNNTB	STREME-1	chr10	120411134	120411152	+	5.16	GCAGCTGCTCTCACAGTGC
1-VCASCTGYYVYBBSCNNTB	STREME-1	chr9	56132297	56132315	+	5.16	CCAGCTGTCCATGTGGCAT
1-VCASCTGYYVYBBSCNNTB	STREME-1	chr2	29663485	29663503	+	5.16	ACACATGCTTCACTAGCTC
1-VCASCTGYYVYBBSCNNTB	STREME-1	chr17	12195386	12195404	-	5.15	TCAGCTGTCCCTACACAGA
#
2-TGGCAGACA	STREME-2	chr10	31596996	31597004	+	14.23	TGGTAGACA
2-TGGCAGACA	STREME-2	chr10	61226982	61226990	+	14.22	TGGTAGATA
2-TGGCAGACA	STREME-2	chr10	120411155	120411163	-	14.22	TGGTAGATA
2-TGGCAGACA	STREME-2	chr15	57796550	57796558	+	14.14	TGGTAGAGA
2-TGGCAGACA	STREME-2	chr8	93569898	93569906	+	14.14	TGGTAGAGA
2-TGGCAGACA	STREME-2	chr15	77788540	77788548	+	14.14	TGGTAGAGA
2-TGGCAGACA	STREME-2	chr8	94733971	94733979	+	14.14	TGGTAGAGA
2-TGGCAGACA	STREME-2	chr2	92947989	92947997	+	12.86	TGGAAGACA
2-TGGCAGACA	STREME-2	chr16	24635525	24635533	-	12.86	TGGAAGACA
2-TGGCAGACA	STREME-2	chr1	135795102	135795110	-	12.86	TGGAAGACA
2-TGGCAGACA	STREME-2	chr1	134160584	134160592	-	12.86	TGGAAGACA
2-TGGCAGACA	STREME-2	chr10	53469807	53469815	+	12.79	TGGCAGACA
2-TGGCAGACA	STREME-2	chr6	120183979	120183987	+	12.79	TGGCAGACA
2-TGGCAGACA	STREME-2	chr1	179238861	179238869	-	12.79	TGGCAGACA
2-TGGCAGACA	STREME-2	chr11	59323108	59323116	-	12.79	TGGCAGACA
2-TGGCAGACA	STREME-2	chr1	131078958	131078966	-	12.79	TGGCAGACA
2-TGGCAGACA	STREME-2	chr10	96399791	96399799	+	12.79	TGGCAGACA
2-TGGCAGACA	STREME-2	chr9	50440862	50440870	+	12.79	TGGCAGACA
2-TGGCAGACA	STREME-2	chr12	69723006	69723014	+	12.78	TGGCAGATA
2-TGGCAGACA	STREME-2	chr8	126595606	126595614	-	12.78	TGGAAGAGA
2-TGGCAGACA	STREME-2	chr8	72470163	72470171	-	12.78	TGGAAGAGA
2-TGGCAGACA	STREME-2	chr2	181561995	181562003	-	12.78	TGGAAGAGA
2-TGGCAGACA	STREME-2	chr2	27436472	27436480	+	12.78	TGGAAGAGA
2-TGGCAGACA	STREME-2	chr1	79317395	79317403	-	12.71	CGGTAGACA
2-TGGCAGACA	STREME-2	chr4	127300702	127300710	-	12.71	TGGCAGAGA
2-TGGCAGACA	STREME-2	chr10	76002305	76002313	+	12.71	TGGCAGAGA
2-TGGCAGACA	STREME-2	chr10	80911515	80911523	+	12.71	TGGCAGAGA
2-TGGCAGACA	STREME-2	chr12	31927023	31927031	+	12.71	TGGCAGAGA
2-TGGCAGACA	STREME-2	chr8	46512775	46512783	-	12.12	TGGCATACA
2-TGGCAGACA	STREME-2	chr13	24505990	24505998	+	12.12	TGGCATACA
#
3-GAGTGACAGT	STREME-3	chr13	99259587	99259596	+	16.86	GAGTGACAGT
3-GAGTGACAGT	STREME-3	chr2	173690123	173690132	-	16.86	GAGTGACAGT
3-GAGTGACAGT	STREME-3	chr11	59805479	59805488	+	16.86	GAGTGACAGT
3-GAGTGACAGT	STREME-3	chr18	82991126	82991135	+	15.49	GATTGACAGT
3-GAGTGACAGT	STREME-3	chr2	156180460	156180469	-	15.49	GATTGACAGT
3-GAGTGACAGT	STREME-3	chr15	36976213	36976222	-	15.49	GATTGACAGT
3-GAGTGACAGT	STREME-3	chr15	36976258	36976267	-	15.49	GATTGACAGT
3-GAGTGACAGT	STREME-3	chr2	25460642	25460651	-	14.91	GAGTAACAGT
3-GAGTGACAGT	STREME-3	chr17	80625137	80625146	+	14.37	GAGTGACAAT
3-GAGTGACAGT	STREME-3	chr12	84198298	84198307	-	13.92	GAGTGACAGG
3-GAGTGACAGT	STREME-3	chr12	85227422	85227431	+	13.92	GAGTGACAGG
3-GAGTGACAGT	STREME-3	chr10	82241357	82241366	+	13.92	GAGTGACAGG
3-GAGTGACAGT	STREME-3	chr9	60309989	60309998	-	13.92	GAGTGACAGG
3-GAGTGACAGT	STREME-3	chr10	126981127	126981136	+	13.92	GAGTGACAGG
3-GAGTGACAGT	STREME-3	chr13	58314003	58314012	-	13.92	GAGTGACAGG
3-GAGTGACAGT	STREME-3	chr8	46512827	46512836	+	13.46	GAGGGACAGT
3-GAGTGACAGT	STREME-3	chr2	130769812	130769821	+	13.46	GAGGGACAGT
3-GAGTGACAGT	STREME-3	chr17	6959035	6959044	-	13.09	GAGTGACACT
3-GAGTGACAGT	STREME-3	chr17	8167671	8167680	+	13.09	GAGTGACACT
3-GAGTGACAGT	STREME-3	chr7	81854642	81854651	+	13.09	GAGTGACACT
3-GAGTGACAGT	STREME-3	chr6	84022144	84022153	+	12.98	GAGGGACGGT
3-GAGTGACAGT	STREME-3	chr3	58592840	58592849	+	12.87	GAGTGGCAGT
3-GAGTGACAGT	STREME-3	chr5	115026387	115026396	-	12.87	GAGTGGCAGT
3-GAGTGACAGT	STREME-3	chr19	44576559	44576568	+	12.86	GAGTGACAGC
3-GAGTGACAGT	STREME-3	chr16	21293761	21293770	-	12.86	GAGTGACAGC
3-GAGTGACAGT	STREME-3	chr10	21632909	21632918	-	12.86	GAGTGACAGC
3-GAGTGACAGT	STREME-3	chr19	40429312	40429321	+	12.86	GAGTGACAGC
3-GAGTGACAGT	STREME-3	chr13	49349565	49349574	-	12.75	GAGTGTCAGT
3-GAGTGACAGT	STREME-3	chr2	29755898	29755907	-	12.55	GATTGACAGG
3-GAGTGACAGT	STREME-3	chr3	19810220	19810229	-	12.55	GATTGACAGG
3-GAGTGACAGT	STREME-3	chr9	67114220	67114229	+	12.55	GATTGACAGG
3-GAGTGACAGT	STREME-3	chr9	50440844	50440853	+	12.55	GATTGACAGG
3-GAGTGACAGT	STREME-3	chr19	44576512	44576521	-	12.46	CAGTGACAGT
3-GAGTGACAGT	STREME-3	chr12	100101878	100101887	-	12.46	CAGTGACAGT
3-GAGTGACAGT	STREME-3	chr10	25534080	25534089	+	12.46	CAGTGACAGT
3-GAGTGACAGT	STREME-3	chr3	28417278	28417287	-	12.46	CAGTGACAGT
3-GAGTGACAGT	STREME-3	chr17	56594101	56594110	+	11.96	GAGTAACAGG
3-GAGTGACAGT	STREME-3	chr1	134307570	134307579	-	11.49	GATTGACAGC
3-GAGTGACAGT	STREME-3	chr18	10784415	10784424	+	11.43	GGGTGACAGT
3-GAGTGACAGT	STREME-3	chr1	135528607	135528616	+	11.04	GAGTGACAAG
3-GAGTGACAGT	STREME-3	chr14	46898157	46898166	-	10.91	GAGTAACAGC
3-GAGTGACAGT	STREME-3	chr17	68046462	68046471	+	10.73	GAGTGACAAC
3-GAGTGACAGT	STREME-3	chr15	76867852	76867861	-	10.51	GAGGGACAGG
3-GAGTGACAGT	STREME-3	chr9	15104155	15104164	-	10.51	GAGGGACAGG
3-GAGTGACAGT	STREME-3	chr6	48517940	48517949	-	10.51	GAGGGACAGG
3-GAGTGACAGT	STREME-3	chr6	48517970	48517979	-	10.51	GAGGGACAGG
3-GAGTGACAGT	STREME-3	chr6	48518000	48518009	-	10.51	GAGGGACAGG
3-GAGTGACAGT	STREME-3	chr3	28417272	28417281	-	10.50	CAGTAACAGT
3-GAGTGACAGT	STREME-3	chr12	101770784	101770793	+	10.40	GAGTGACACC
3-GAGTGACAGT	STREME-3	chr13	59652827	59652836	+	10.34	GTGTGACAGT
3-GAGTGACAGT	STREME-3	chr8	124286722	124286731	+	10.34	GTGTGACAGT
3-GAGTGACAGT	STREME-3	chr18	35272693	35272702	+	10.26	GAGGGTCAGT
3-GAGTGACAGT	STREME-3	chr12	101770828	101770837	+	9.93	GAGTGGCAGG
3-GAGTGACAGT	STREME-3	chr4	149735228	149735237	+	9.93	GAGTGGCAGG
3-GAGTGACAGT	STREME-3	chr11	88231360	88231369	-	9.93	GAGTGGCAGG
3-GAGTGACAGT	STREME-3	chr4	129829922	129829931	+	9.93	GAGTGGCAGG
3-GAGTGACAGT	STREME-3	chr9	53610050	53610059	+	9.92	GCGTGACAGT
3-GAGTGACAGT	STREME-3	chr14	20668381	20668390	-	9.67	GATTGACAAG
3-GAGTGACAGT	STREME-3	chr13	59652870	59652879	-	9.51	CAGTGACAGG
3-GAGTGACAGT	STREME-3	chr2	114144045	114144054	-	9.51	CAGTGACAGG
3-GAGTGACAGT	STREME-3	chr9	94670444	94670453	+	9.51	CAGTGACAGG
3-GAGTGACAGT	STREME-3	chr11	59805485	59805494	+	9.51	CAGTGACAGG
3-GAGTGACAGT	STREME-3	chr1	92699203	92699212	+	9.51	CAGTGACAGG
3-GAGTGACAGT	STREME-3	chr1	179238843	179238852	-	9.51	CAGTGACAGG
3-GAGTGACAGT	STREME-3	chr13	100440280	100440289	-	9.51	CAGTGACAGG
3-GAGTGACAGT	STREME-3	chr18	74794176	74794185	-	9.51	CAGTGACAGG
3-GAGTGACAGT	STREME-3	chr1	135836104	135836113	+	9.46	GAGGGACAGC
3-GAGTGACAGT	STREME-3	chr14	73599916	73599925	-	9.36	GATTGACAAC
3-GAGTGACAGT	STREME-3	chr10	14041781	14041790	-	9.12	GATTAACACT
3-GAGTGACAGT	STREME-3	chr6	55138511	55138520	+	9.10	GAGTGGCACT
3-GAGTGACAGT	STREME-3	chr13	29759861	29759870	-	9.05	CAGGGACAGT
3-GAGTGACAGT	STREME-3	chr9	21625537	21625546	-	9.03	GATTGACACC
3-GAGTGACAGT	STREME-3	chr10	45076754	45076763	+	8.87	GAGTGGCAGC
3-GAGTGACAGT	STREME-3	chr17	12195400	12195409	-	8.75	GAGTGTCAGC
3-GAGTGACAGT	STREME-3	chr10	94550931	94550940	+	8.75	GAGTGTCAGC
3-GAGTGACAGT	STREME-3	chr5	103790009	103790018	+	8.69	CAGTGACACT
3-GAGTGACAGT	STREME-3	chr18	57259197	57259206	-	8.59	CATTGACAGG
3-GAGTGACAGT	STREME-3	chr16	38370862	38370871	+	8.59	CATTGACAGG
3-GAGTGACAGT	STREME-3	chr14	62852968	62852977	-	8.59	CATTGACAGG
3-GAGTGACAGT	STREME-3	chr2	29755940	29755949	-	8.48	GGGTGACAGG
3-GAGTGACAGT	STREME-3	chr6	147788246	147788255	+	8.48	GGGTGACAGG
3-GAGTGACAGT	STREME-3	chr6	147788270	147788279	+	8.48	GGGTGACAGG
3-GAGTGACAGT	STREME-3	chr6	147788306	147788315	+	8.48	GGGTGACAGG
3-GAGTGACAGT	STREME-3	chr14	21684006	21684015	-	8.48	GGGTGACAGG
3-GAGTGACAGT	STREME-3	chr3	88150563	88150572	+	8.48	GGGTGACAGG
3-GAGTGACAGT	STREME-3	chr12	13053402	13053411	+	8.48	GGGTGACAGG
3-GAGTGACAGT	STREME-3	chr10	15406363	15406372	+	8.47	CAGTGGCAGT
3-GAGTGACAGT	STREME-3	chr5	144344833	144344842	-	8.47	CAGTGGCAGT
#
4-CCCACCCCC	STREME-4	chr15	100414193	100414201	+	15.99	CCCACCCCC
4-CCCACCCCC	STREME-4	chr12	83849056	83849064	-	15.99	CCCACCCCC
4-CCCACCCCC	STREME-4	chr2	181550402	181550410	+	15.99	CCCACCCCC
4-CCCACCCCC	STREME-4	chr6	88886604	88886612	+	15.99	CCCACCCCC
4-CCCACCCCC	STREME-4	chr2	27036204	27036212	-	13.48	CCCACCCCA
4-CCCACCCCC	STREME-4	chr1	36636667	36636675	-	13.48	CCCACCCCA
4-CCCACCCCC	STREME-4	chr18	57212389	57212397	-	13.48	CCCACCCCA
4-CCCACCCCC	STREME-4	chr13	107678873	107678881	+	13.48	CCCACCCCA
4-CCCACCCCC	STREME-4	chr13	37692196	37692204	-	13.48	CCCACCCCA
4-CCCACCCCC	STREME-4	chr2	27471458	27471466	+	13.48	CCCACCCCA
4-CCCACCCCC	STREME-4	chr12	101770812	101770820	-	13.24	CCCACCCAC
4-CCCACCCCC	STREME-4	chr7	80167002	80167010	+	13.24	CCCACCCAC
4-CCCACCCCC	STREME-4	chr2	27036199	27036207	-	13.24	CCCACCCAC
4-CCCACCCCC	STREME-4	chr2	102293481	102293489	+	13.24	CCCACCCAC
4-CCCACCCCC	STREME-4	chr2	104151267	104151275	+	12.98	TCCACCCCC
4-CCCACCCCC	STREME-4	chr5	36301344	36301352	-	12.98	TCCACCCCC
4-CCCACCCCC	STREME-4	chr6	128236750	128236758	-	12.95	CCCACCCTC
4-CCCACCCCC	STREME-4	chr5	36313579	36313587	+	12.95	CCCACCCTC
4-CCCACCCCC	STREME-4	chr17	15440641	15440649	+	12.95	CCCACCCTC
4-CCCACCCCC	STREME-4	chr2	92948024	92948032	+	12.44	CCCAACCCC
4-CCCACCCCC	STREME-4	chr6	88886610	88886618	+	12.44	CCCAACCCC
4-CCCACCCCC	STREME-4	chr6	128259401	128259409	+	12.34	CCCACCCTA
4-CCCACCCCC	STREME-4	chr10	96399832	96399840	+	12.08	CCCATCCCC
