query_id	subject_id	percent_identity	alignment_length	mismatches	gap_opens	query_start	query_end	subject_start	subject_end	evalue	bitscore	query_coverage	tax_id	species_name	blast_name	kingdom	description
NP_002469.2	ref|XP_073420786.1|	59.752	323	94	8	1	320	1	290	4.77e-120	357	100	92724	N/A	N/A	N/A	myoblast determination protein 1 [Dendrobates tinctorius]
NP_002469.2	ref|XP_077137957.1|	58.824	323	97	8	1	320	1	290	1.91e-119	355	100	490064	N/A	N/A	N/A	myoblast determination protein 1 [Ranitomeya variabilis]
NP_002469.2	ref|XP_069623982.1|	57.975	326	95	8	1	320	1	290	2.93e-118	352	100	111125	N/A	N/A	N/A	myoblast determination protein 1 [Ranitomeya imitator]
NP_002469.2	ref|XP_048342906.1|	59.756	328	84	9	13	320	7	306	3.12e-117	350	96	933632	N/A	N/A	N/A	myoblast determination protein 1 isoform X1 [Sphaerodactylus townsendi]
NP_002469.2	ref|XP_048401716.1|	59.677	310	88	8	13	320	1	275	3.85e-117	349	96	3053191	N/A	N/A	N/A	myoblast determination protein 1 homolog [Stegostoma tigrinum]
NP_002469.2	ref|XP_020368285.1|	59.355	310	89	8	13	320	1	275	5.89e-117	348	96	259920	N/A	N/A	N/A	myoblast determination protein 1 homolog [Rhincodon typus]
NP_002469.2	ref|XP_043561899.1|	59.164	311	88	8	13	320	1	275	1.49e-116	347	96	36176	N/A	N/A	N/A	myoblast determination protein 1 homolog [Chiloscyllium plagiosum]
NP_002469.2	ref|XP_032894895.1|	59.477	306	87	6	17	320	5	275	3.10e-116	347	95	386614	N/A	N/A	N/A	myoblast determination protein 1 [Amblyraja radiata]
NP_002469.2	ref|XP_055505490.1|	59.477	306	87	6	17	320	5	275	3.46e-116	347	95	7782	N/A	N/A	N/A	myoblast determination protein 1 homolog [Leucoraja erinaceus]
NP_002469.2	ref|XP_072448320.1|	58.842	311	89	8	13	320	1	275	6.10e-116	346	96	137246	N/A	N/A	N/A	myoblast determination protein 1 homolog [Chiloscyllium punctatum]
NP_002469.2	ref|XP_060694459.1|	58.842	311	89	8	13	320	1	275	9.66e-116	345	96	170820	N/A	N/A	N/A	myoblast determination protein 1 homolog [Hemiscyllium ocellatum]
NP_002469.2	ref|XP_062918070.1|	59.804	306	86	7	17	320	5	275	1.84e-115	345	95	723540;1983395	N/A;N/A	N/A	N/A	myoblast determination protein 1 homolog [Mobula hypostoma]
NP_002469.2	ref|XP_051885102.1|	59.935	307	85	8	17	320	5	276	1.97e-115	345	95	685728	N/A	N/A	N/A	myoblast determination protein 1 homolog [Pristis pectinata]
NP_002469.2	ref|XP_038663720.1|	59.486	311	87	7	13	320	1	275	8.49e-115	343	96	7830;75743	N/A;N/A	N/A	N/A	myoblast determination protein 1 homolog [Scyliorhinus canicula]
NP_002469.2	ref|XP_063044737.1|	59.866	299	86	7	23	320	9	274	1.21e-111	335	93	184585	N/A	N/A	N/A	myoblast determination protein 1 homolog 1-like [Engraulis encrasicolus]
NP_002469.2	ref|XP_041755192.1|	59.532	299	88	8	23	320	10	276	2.55e-111	334	93	59861	N/A	N/A	N/A	myoblast determination protein 1 homolog 1 [Coregonus clupeaformis]
NP_002469.2	ref|XP_010900243.1|	59.866	299	86	7	23	320	10	275	2.78e-111	334	93	8010	N/A	N/A	N/A	myoblast determination protein 1 homolog [Esox lucius]
NP_002469.2	ref|XP_012690138.1|	59.197	299	88	7	23	320	9	274	3.49e-111	333	93	7950	N/A	N/A	N/A	myoblast determination protein 1 homolog 1 [Clupea harengus]
NP_002469.2	ref|XP_030055369.1|	58.025	324	106	7	1	320	1	298	2.01e-110	333	100	1415580	N/A	N/A	N/A	LOW QUALITY PROTEIN: myoblast determination protein 1 [Microcaecilia unicolor]
NP_002469.2	ref|XP_055788917.1|	59.866	299	83	8	23	320	10	272	4.64e-110	331	93	8038	N/A	N/A	N/A	myoblast determination protein 1 homolog 2-like [Salvelinus fontinalis]
NP_002469.2	ref|XP_020311898.1|	59.866	299	83	8	23	320	10	272	1.02e-109	330	93	8017;8018;8019;8022;8023;8032;74940;90313;490388	N/A;N/A;N/A;N/A;N/A;N/A;N/A;N/A;N/A	N/A	N/A	myoblast determination protein 1 homolog [Oncorhynchus kisutch]
NP_002469.2	ref|NP_001081292.1|	57.585	323	99	8	1	320	1	288	2.97e-109	329	100	8355	N/A	N/A	N/A	myoblast determination protein 1 homolog B [Xenopus laevis]
NP_002469.2	ref|XP_071256614.1|	59.667	300	79	8	27	320	14	277	3.12e-109	329	92	8036	N/A	N/A	N/A	myoblast determination protein 1 homolog 1 [Salvelinus alpinus]
NP_002469.2	ref|NP_001117073.1|	59.532	299	84	8	23	320	10	272	5.12e-109	328	93	8030	N/A	N/A	N/A	myoblast determination protein 1c [Salmo salar]
NP_002469.2	ref|XP_041692473.1|	59.532	299	84	9	23	320	10	272	6.66e-109	328	93	59861	N/A	N/A	N/A	myoblast determination protein 1 homolog 2 [Coregonus clupeaformis]
NP_002469.2	ref|XP_068115827.1|	58.154	325	88	11	1	320	1	282	2.48e-108	327	100	752182	N/A	N/A	N/A	myoblast determination protein 1 [Hyperolius riggenbachi]
NP_002469.2	ref|XP_062316940.1|	59.732	298	80	9	25	320	12	271	3.46e-108	326	93	8014;29151	N/A;N/A	N/A	N/A	myoblast determination protein 1 homolog [Osmerus eperlanus]
NP_002469.2	ref|XP_046889848.1|	59.732	298	80	9	25	320	12	271	4.30e-108	326	93	137520	N/A	N/A	N/A	myoblast determination protein 1 homolog [Hypomesus transpacificus]
NP_002469.2	ref|NP_001118200.1|	59.532	299	87	8	23	320	10	275	1.33e-107	325	93	8022	N/A	N/A	N/A	myoblast determination protein 1 homolog 2 [Oncorhynchus mykiss]
NP_002469.2	ref|XP_024243178.1|	59.667	300	86	9	23	320	10	276	6.64e-107	323	93	74940	N/A	N/A	N/A	myoblast determination protein 1 homolog 2 [Oncorhynchus tshawytscha]
NP_002469.2	ref|XP_071007506.1|	59.667	300	86	9	23	320	10	276	1.39e-106	322	93	490388	N/A	N/A	N/A	myoblast determination protein 1 homolog 2 [Oncorhynchus clarkii lewisi]
NP_002469.2	ref|XP_023855206.1|	59.667	300	86	9	23	320	10	276	1.98e-106	322	93	8036;8038;2691554	N/A;N/A;N/A	N/A	N/A	myoblast determination protein 1 homolog 2 [Salvelinus sp. IW2-2015]
NP_002469.2	ref|XP_038854581.1|	59.333	300	87	9	23	320	10	276	1.32e-105	320	93	8040	N/A	N/A	N/A	myoblast determination protein 1 homolog 2 [Salvelinus namaycush]
NP_002469.2	ref|XP_041704547.1|	58.667	300	85	8	23	320	10	272	4.00e-105	318	93	59861	N/A	N/A	N/A	myoblast determination protein 1 homolog 2 [Coregonus clupeaformis]
NP_002469.2	ref|XP_029607348.1|	59.000	300	88	9	23	320	10	276	9.12e-105	317	93	8032	N/A	N/A	N/A	myoblast determination protein 1 homolog 2 [Salmo trutta]
NP_002469.2	ref|XP_064843572.1|	59.000	300	88	8	23	320	10	276	9.22e-104	315	93	90313	N/A	N/A	N/A	myoblast determination protein 1 homolog 2 [Oncorhynchus masou masou]
NP_002469.2	ref|XP_067349968.1|	58.842	311	84	10	25	320	12	293	1.62e-103	315	93	215402	N/A	N/A	N/A	myoblast determination protein 1 homolog [Channa argus]
NP_002469.2	ref|XP_045894610.1|	59.744	313	78	12	27	320	14	297	1.91e-103	315	92	147949	N/A	N/A	N/A	myoblast determination protein 1 homolog [Micropterus dolomieu]
NP_002469.2	ref|XP_075325370.1|	58.900	309	84	10	27	320	14	294	6.77e-103	313	92	219752	N/A	N/A	N/A	myoblast determination protein 1 homolog [Odontesthes bonariensis]
NP_002469.2	ref|XP_009890318.1|	54.740	327	103	8	1	320	1	289	7.27e-103	313	100	50402	N/A	N/A	N/A	PREDICTED: LOW QUALITY PROTEIN: myoblast determination protein 1 [Charadrius vociferus]
NP_002469.2	ref|XP_029290418.1|	56.958	309	91	7	27	320	14	295	1.04e-102	313	92	56716	N/A	N/A	N/A	myoblast determination protein 1 homolog [Cottoperca gobio]
NP_002469.2	ref|XP_038562673.1|	59.425	313	79	12	27	320	14	297	1.46e-102	313	92	27706	N/A	N/A	N/A	myoblast determination protein 1 homolog [Micropterus salmoides]
NP_002469.2	ref|XP_074534661.1|	58.786	313	80	11	27	320	14	296	4.47e-102	311	92	147232	N/A	N/A	N/A	myoblast determination protein 1 homolog [Halichoeres trimaculatus]
NP_002469.2	ref|NP_001266649.1|	56.731	312	96	10	25	320	12	300	4.69e-102	311	93	8128;47969	N/A;N/A	N/A	N/A	myoblast determination protein 1 homolog [Oreochromis niloticus]
NP_002469.2	ref|XP_070762929.1|	58.521	311	84	11	27	320	14	296	4.77e-102	311	92	215367	N/A	N/A	N/A	myoblast determination protein 1 homolog [Enoplosus armatus]
NP_002469.2	ref|XP_068170256.1|	57.742	310	88	8	27	320	14	296	5.15e-102	311	92	241820	N/A	N/A	N/A	myoblast determination protein 1 homolog [Antennarius striatus]
NP_002469.2	ref|XP_040019734.1|	57.962	314	86	8	27	320	14	301	6.03e-102	311	92	481459	N/A	N/A	N/A	myoblast determination protein 1 homolog [Gasterosteus aculeatus aculeatus]
NP_002469.2	ref|XP_047453429.1|	58.252	309	88	10	27	320	14	296	6.92e-102	311	92	48193	N/A	N/A	N/A	myoblast determination protein 1 homolog [Mugil cephalus]
NP_002469.2	ref|XP_005946775.1|	56.869	313	92	9	25	320	12	298	6.93e-102	311	93	8153	N/A	N/A	N/A	myoblast determination protein 1 homolog [Haplochromis burtoni]
NP_002469.2	ref|XP_069019756.1|	57.233	318	89	9	27	320	14	308	7.13e-102	311	92	100190	N/A	N/A	N/A	myoblast determination protein 1 homolog [Embiotoca jacksoni]
NP_002469.2	ref|XP_005814488.2|	57.233	318	87	12	22	320	68	355	1.35e-101	312	93	8083	N/A	N/A	N/A	myoblast determination protein 1 homolog [Xiphophorus maculatus]
NP_002469.2	ref|XP_042361262.1|	58.199	311	85	9	27	320	14	296	3.40e-101	309	92	160734	N/A	N/A	N/A	myoblast determination protein 1 homolog [Plectropomus leopardus]
NP_002469.2	ref|XP_043892390.1|	58.065	310	88	9	27	320	14	297	3.44e-101	309	92	28829	N/A	N/A	N/A	myoblast determination protein 1 homolog [Solea senegalensis]
NP_002469.2	ref|XP_068579125.1|	57.097	310	99	8	27	320	14	305	3.53e-101	310	92	271503	N/A	N/A	N/A	myoblast determination protein 1 homolog [Cebidichthys violaceus]
NP_002469.2	ref|XP_049429982.1|	57.143	315	82	10	27	320	14	296	4.09e-101	309	92	293821	N/A	N/A	N/A	myoblast determination protein 1 homolog [Epinephelus fuscoguttatus]
NP_002469.2	ref|XP_049928896.1|	57.143	315	82	10	27	320	14	296	4.92e-101	309	92	300413	N/A	N/A	N/A	myoblast determination protein 1 homolog [Epinephelus moara]
NP_002469.2	ref|XP_046251006.1|	58.147	313	83	10	27	320	14	297	5.15e-101	309	92	75038	N/A	N/A	N/A	myoblast determination protein 1 homolog [Scatophagus argus]
NP_002469.2	ref|XP_033490899.1|	57.143	315	82	10	27	320	14	296	7.96e-101	308	92	310571	N/A	N/A	N/A	myoblast determination protein 1 homolog [Epinephelus lanceolatus]
NP_002469.2	ref|XP_031734398.1|	57.547	318	94	10	27	320	14	314	1.10e-100	308	92	433405	N/A	N/A	N/A	myoblast determination protein 1 homolog [Anarrhichthys ocellatus]
NP_002469.2	ref|XP_030282971.1|	58.333	312	84	10	27	320	14	297	1.30e-100	308	92	8175	N/A	N/A	N/A	myoblast determination protein 1 homolog [Sparus aurata]
NP_002469.2	ref|XP_039665047.1|	59.333	300	92	6	27	320	14	289	1.31e-100	307	92	8168	N/A	N/A	N/A	myoblast determination protein 1 homolog [Perca fluviatilis]
NP_002469.2	ref|XP_033982736.1|	57.143	301	103	6	27	320	14	295	1.51e-100	307	92	40690	N/A	N/A	N/A	myoblast determination protein 1 homolog [Trematomus bernacchii]
NP_002469.2	ref|XP_036962712.1|	58.333	312	84	10	27	320	14	297	1.53e-100	308	92	8177	N/A	N/A	N/A	myoblast determination protein 1 homolog [Acanthopagrus latus]
NP_002469.2	ref|XP_034033219.1|	57.962	314	86	11	25	320	12	297	2.22e-100	307	93	390379	N/A	N/A	N/A	myoblast determination protein 1 homolog [Thalassophryne amazonica]
NP_002469.2	ref|XP_020787773.1|	55.556	315	94	9	25	320	12	299	2.35e-100	307	93	150288	N/A	N/A	N/A	myoblast determination protein 1 homolog [Boleophthalmus pectinirostris]
NP_002469.2	ref|XP_029992599.1|	57.742	310	88	9	27	320	14	296	3.11e-100	306	92	375764	N/A	N/A	N/A	myoblast determination protein 1 homolog [Sphaeramia orbicularis]
NP_002469.2	ref|XP_019935055.1|	58.466	313	81	12	27	320	14	296	3.14e-100	306	92	8255	N/A	N/A	N/A	myoblast determination protein 1 homolog [Paralichthys olivaceus]
NP_002469.2	ref|XP_033823862.1|	55.556	315	94	9	25	320	12	299	3.47e-100	306	93	409849	N/A	N/A	N/A	myoblast determination protein 1 homolog [Periophthalmus magnuspinnatus]
NP_002469.2	ref|XP_006805448.1|	56.688	314	92	10	25	320	12	299	3.92e-100	306	93	8154;32507;43689;106582	N/A;N/A;N/A;N/A	N/A	N/A	myoblast determination protein 1 homolog [Neolamprologus brichardi]
NP_002469.2	ref|XP_028440198.1|	58.667	300	94	6	27	320	14	289	3.93e-100	306	92	8167	N/A	N/A	N/A	myoblast determination protein 1 homolog [Perca flavescens]
NP_002469.2	ref|XP_005748818.1|	56.688	314	92	10	25	320	12	299	4.66e-100	306	93	303518	N/A	N/A	N/A	myoblast determination protein 1 homolog [Pundamilia nyererei]
NP_002469.2	ref|XP_044049400.1|	56.913	311	91	9	27	320	14	298	4.71e-100	306	92	119488	N/A	N/A	N/A	myoblast determination protein 1 homolog [Siniperca chuatsi]
NP_002469.2	ref|XP_029379802.1|	56.190	315	94	10	23	320	10	297	5.25e-100	306	93	173247	N/A	N/A	N/A	myoblast determination protein 1 homolog [Echeneis naucrates]
NP_002469.2	ref|XP_037622343.1|	59.355	310	85	8	27	320	14	298	8.77e-100	306	92	72105;394691	N/A;N/A	N/A	N/A	myoblast determination protein 1 homolog [Sebastes umbrosus]
NP_002469.2	ref|XP_010765083.1|	56.478	301	105	5	27	320	14	295	9.34e-100	305	92	8208	N/A	N/A	N/A	myoblast determination protein 1 homolog [Notothenia coriiceps]
NP_002469.2	ref|XP_023119166.1|	56.410	312	90	9	27	320	14	297	9.77e-100	305	92	80972	N/A	N/A	N/A	myoblast determination protein 1 homolog [Amphiprion ocellaris]
NP_002469.2	ref|XP_034444344.1|	57.372	312	86	9	27	320	14	296	1.13e-99	305	92	8267;195615	N/A;N/A	N/A	N/A	myoblast determination protein 1 homolog [Hippoglossus hippoglossus]
NP_002469.2	ref|XP_071315685.1|	56.467	317	90	10	23	320	10	297	1.16e-99	305	93	443729	N/A	N/A	N/A	myoblast determination protein 1 homolog [Trachinotus anak]
NP_002469.2	ref|XP_040894378.1|	57.508	313	85	11	27	320	14	297	1.23e-99	305	92	941984	N/A	N/A	N/A	myoblast determination protein 1 homolog [Toxotes jaculatrix]
NP_002469.2	ref|XP_044211876.1|	58.786	313	81	12	27	320	14	297	1.34e-99	305	92	8236	N/A	N/A	N/A	myoblast determination protein 1 homolog [Thunnus albacares]
NP_002469.2	ref|XP_009989770.1|	53.846	325	73	7	1	320	1	253	1.45e-99	303	100	121530	N/A	N/A	N/A	PREDICTED: LOW QUALITY PROTEIN: myoblast determination protein 1 [Tauraco erythrolophus]
NP_002469.2	ref|XP_058501800.1|	57.419	310	90	9	27	320	14	297	1.46e-99	305	92	90069	N/A	N/A	N/A	myoblast determination protein 1 homolog [Solea solea]
NP_002469.2	ref|XP_075946137.1|	55.732	314	101	8	27	320	14	309	2.38e-99	305	92	65739	N/A	N/A	N/A	myoblast determination protein 1 homolog [Anarhichas minor]
NP_002469.2	ref|XP_010743778.1|	57.962	314	83	12	27	320	14	298	2.78e-99	304	92	215358	N/A	N/A	N/A	myoblast determination protein 1 homolog [Larimichthys crocea]
NP_002469.2	ref|XP_022620293.1|	57.827	313	85	10	27	320	14	298	2.94e-99	304	92	41447	N/A	N/A	N/A	myoblast determination protein 1 homolog [Seriola dumerili]
NP_002469.2	ref|XP_032403509.1|	57.098	317	89	11	22	320	64	351	3.02e-99	306	93	8084	N/A	N/A	N/A	myoblast determination protein 1 homolog [Xiphophorus hellerii]
NP_002469.2	ref|XP_026221727.1|	57.372	312	86	11	27	320	14	296	3.69e-99	304	92	64144	N/A	N/A	N/A	myoblast determination protein 1 homolog [Anabas testudineus]
NP_002469.2	ref|XP_067446912.1|	58.786	313	81	12	27	320	14	297	3.78e-99	304	92	8237	N/A	N/A	N/A	myoblast determination protein 1 homolog [Thunnus thynnus]
NP_002469.2	ref|XP_035499438.2|	57.508	313	89	9	25	320	12	297	3.82e-99	304	93	52904	N/A	N/A	N/A	myoblast determination protein 1 homolog [Scophthalmus maximus]
NP_002469.2	ref|XP_047240269.1|	57.419	310	87	9	27	320	14	294	4.44e-99	304	92	208333	N/A	N/A	N/A	myoblast determination protein 1 homolog [Girardinichthys multiradiatus]
NP_002469.2	ref|XP_057693928.1|	56.535	329	88	10	27	320	23	331	5.01e-99	305	92	161448	N/A	N/A	N/A	myoblast determination protein 1 homolog 2 [Corythoichthys intestinalis]
NP_002469.2	ref|XP_063731989.1|	56.908	304	81	8	27	320	14	277	5.82e-99	303	92	56733	N/A	N/A	N/A	myoblast determination protein 1 homolog [Eleginops maclovinus]
NP_002469.2	ref|XP_023284906.1|	57.325	314	85	11	27	320	14	298	6.59e-99	303	92	1841481;2871759	N/A;N/A	N/A	N/A	myoblast determination protein 1 homolog [Seriola lalandi dorsalis]
NP_002469.2	ref|XP_062276465.1|	55.911	313	89	9	27	320	14	296	6.87e-99	303	92	13677	N/A	N/A	N/A	myoblast determination protein 1 homolog [Scomber scombrus]
NP_002469.2	ref|XP_042268922.1|	58.786	313	81	12	27	320	14	297	7.92e-99	303	92	8240	N/A	N/A	N/A	myoblast determination protein 1 homolog [Thunnus maccoyii]
NP_002469.2	ref|XP_039988773.1|	57.508	313	85	10	27	320	14	297	9.33e-99	303	92	8245	N/A	N/A	N/A	myoblast determination protein 1 homolog [Xiphias gladius]
NP_002469.2	ref|XP_008309904.1|	57.051	312	87	10	27	320	14	296	1.25e-98	303	92	244447	N/A	N/A	N/A	myoblast determination protein 1 homolog [Cynoglossus semilaevis]
NP_002469.2	ref|XP_054475847.1|	56.250	320	93	10	27	320	14	312	1.38e-98	303	92	229290	N/A	N/A	N/A	myoblast determination protein 1 homolog [Anoplopoma fimbria]
NP_002469.2	ref|XP_054632354.1|	58.442	308	86	10	23	320	10	285	1.80e-98	302	93	161453	N/A	N/A	N/A	myoblast determination protein 1 homolog [Dunckerocampus dactyliophorus]
NP_002469.2	ref|XP_059191367.1|	58.842	311	83	9	27	320	14	296	1.91e-98	302	92	184440	N/A	N/A	N/A	myoblast determination protein 1 homolog [Centropristis striata]
NP_002469.2	ref|XP_057930572.1|	58.442	308	86	10	23	320	10	285	2.44e-98	301	93	161450	N/A	N/A	N/A	myoblast determination protein 1 homolog [Doryrhamphus excisus]
NP_002469.2	ref|XP_018560117.1|	57.188	313	86	10	27	320	14	297	3.20e-98	301	92	8187	N/A	N/A	N/A	myoblast determination protein 1 homolog [Lates calcarifer]
NP_002469.2	ref|XP_068595969.1|	57.372	312	88	9	27	320	14	298	4.48e-98	301	92	412623	N/A	N/A	N/A	myoblast determination protein 1 homolog [Brachionichthys hirsutus]
NP_002469.2	ref|XP_043981632.1|	55.937	320	88	11	22	320	61	348	4.75e-98	303	93	33528	N/A	N/A	N/A	myoblast determination protein 1 homolog isoform X2 [Gambusia affinis]
NP_002469.2	ref|XP_073328277.1|	57.188	313	87	10	27	320	14	298	4.84e-98	301	92	143350	N/A	N/A	N/A	myoblast determination protein 1 homolog [Pagrus major]
NP_002469.2	ref|XP_022073472.1|	55.949	311	92	9	27	320	14	296	5.82e-98	301	92	80966	N/A	N/A	N/A	myoblast determination protein 1 homolog [Acanthochromis polyacanthus]
NP_002469.2	ref|XP_029009822.1|	56.369	314	85	11	27	320	14	295	6.85e-98	301	92	158456	N/A	N/A	N/A	myoblast determination protein 1 homolog [Betta splendens]
NP_002469.2	ref|XP_027870700.1|	56.782	317	90	11	22	320	59	346	1.01e-97	302	93	32473	N/A	N/A	N/A	myoblast determination protein 1 homolog [Xiphophorus couchianus]
NP_002469.2	ref|XP_053175582.1|	54.859	319	96	9	27	320	14	309	1.02e-97	301	92	13676	N/A	N/A	N/A	myoblast determination protein 1 homolog [Scomber japonicus]
NP_002469.2	ref|XP_041650540.1|	56.051	314	88	10	27	320	14	297	1.20e-97	300	92	241271	N/A	N/A	N/A	myoblast determination protein 1 homolog [Cheilinus undulatus]
NP_002469.2	ref|XP_008279938.1|	55.205	317	85	11	27	320	14	296	1.57e-97	300	92	144197	N/A	N/A	N/A	myoblast determination protein 1 homolog [Stegastes partitus]
NP_002469.2	ref|XP_028287246.1|	56.051	314	92	9	27	320	14	301	1.72e-97	300	92	210632	N/A	N/A	N/A	myoblast determination protein 1 homolog [Parambassis ranga]
NP_002469.2	ref|XP_026167157.1|	57.235	311	91	11	27	320	14	299	1.81e-97	300	92	205130	N/A	N/A	N/A	myoblast determination protein 1 homolog [Mastacembelus armatus]
NP_002469.2	ref|XP_004069479.1|	56.774	310	92	9	27	320	14	297	2.02e-97	300	92	8090	N/A	N/A	N/A	myoblast determination protein 1 [Oryzias latipes]
NP_002469.2	ref|XP_041853461.1|	57.235	311	90	8	27	320	14	298	2.11e-97	300	92	1250792	N/A	N/A	N/A	myoblast determination protein 1 homolog [Melanotaenia boesemani]
NP_002469.2	ref|XP_054878638.1|	55.556	315	96	8	22	320	9	295	2.48e-97	299	93	188132	N/A	N/A	N/A	myoblast determination protein 1 homolog [Poeciliopsis prolifica]
NP_002469.2	ref|XP_072290784.1|	54.603	315	97	9	27	320	14	303	3.45e-97	299	92	166745	N/A	N/A	N/A	myoblast determination protein 1 homolog isoform X2 [Eucyclogobius newberryi]
NP_002469.2	ref|XP_056907047.1|	53.994	313	90	8	22	320	10	282	6.01e-97	298	93	433684	N/A	N/A	N/A	myoblast determination protein 1 homolog [Takifugu flavidus]
NP_002469.2	ref|XP_051237030.1|	55.763	321	82	11	27	320	14	301	8.61e-97	298	92	13489	N/A	N/A	N/A	myoblast determination protein 1 homolog [Dicentrarchus labrax]
NP_002469.2	ref|XP_060892141.1|	56.467	317	89	8	25	320	12	300	1.04e-96	298	93	508554	N/A	N/A	N/A	myoblast determination protein 1 homolog [Labrus mixtus]
NP_002469.2	ref|XP_069542336.1|	58.228	316	80	12	26	320	13	297	3.50e-96	296	92	241346	N/A	N/A	N/A	myoblast determination protein 1 homolog [Semicossyphus pulcher]
NP_002469.2	ref|XP_053742506.1|	56.913	311	92	8	27	320	14	299	4.76e-96	296	92	270530	N/A	N/A	N/A	myoblast determination protein 1 homolog [Synchiropus splendidus]
NP_002469.2	ref|XP_014910395.1|	55.660	318	90	11	22	320	9	294	1.07e-95	295	93	48699	N/A	N/A	N/A	myoblast determination protein 1 homolog [Poecilia latipinna]
NP_002469.2	ref|XP_015244242.1|	56.369	314	67	12	26	320	13	275	2.23e-95	293	92	28743	N/A	N/A	N/A	PREDICTED: myoblast determination protein 1 homolog [Cyprinodon variegatus]
NP_002469.2	ref|XP_053283878.1|	57.051	312	88	10	27	320	14	297	2.46e-95	294	92	8262	N/A	N/A	N/A	myoblast determination protein 1 homolog [Pleuronectes platessa]
NP_002469.2	ref|XP_072290783.1|	53.211	327	95	10	27	320	14	315	2.50e-95	295	92	166745	N/A	N/A	N/A	myoblast determination protein 1 homolog isoform X1 [Eucyclogobius newberryi]
NP_002469.2	ref|XP_061750387.1|	58.065	310	80	11	27	320	13	288	2.51e-95	294	92	159077	N/A	N/A	N/A	myoblast determination protein 1 homolog isoform X1 [Nerophis ophidion]
NP_002469.2	ref|XP_076589879.1|	57.460	315	82	12	27	320	14	297	2.57e-95	294	92	39042	N/A	N/A	N/A	myoblast determination protein 1 homolog [Chaetodon auriga]
NP_002469.2	ref|XP_061750388.1|	58.252	309	80	11	27	320	13	287	2.59e-95	294	92	159077	N/A	N/A	N/A	myoblast determination protein 1 homolog isoform X2 [Nerophis ophidion]
NP_002469.2	ref|XP_028305454.1|	54.348	322	98	9	26	320	13	312	3.54e-95	295	92	441366	N/A	N/A	N/A	myoblast determination protein 1 homolog [Gouania willdenowi]
NP_002469.2	ref|XP_035520640.1|	55.911	313	93	10	27	320	14	300	3.57e-95	294	92	34816	N/A	N/A	N/A	myoblast determination protein 1 homolog [Morone saxatilis]
NP_002469.2	ref|XP_072241382.1|	58.632	307	88	10	27	320	14	294	3.97e-95	294	92	355514	N/A	N/A	N/A	myoblast determination protein 1 homolog [Leuresthes tenuis]
NP_002469.2	ref|XP_007568553.1|	55.799	319	88	12	22	320	9	294	4.11e-95	293	93	48698	N/A	N/A	N/A	myoblast determination protein 1 homolog [Poecilia formosa]
NP_002469.2	ref|XP_061898904.1|	57.742	310	79	12	27	320	13	286	4.66e-95	293	92	161455	N/A	N/A	N/A	myoblast determination protein 1 homolog isoform X2 [Entelurus aequoreus]
NP_002469.2	ref|XP_061898903.1|	57.556	311	79	12	27	320	13	287	5.86e-95	293	92	161455	N/A	N/A	N/A	myoblast determination protein 1 homolog isoform X1 [Entelurus aequoreus]
NP_002469.2	ref|XP_041794827.1|	57.143	315	83	11	27	320	14	297	5.95e-95	293	92	109905	N/A	N/A	N/A	myoblast determination protein 1 homolog isoform X2 [Chelmon rostratus]
NP_002469.2	ref|XP_041794826.1|	56.962	316	83	11	27	320	14	298	6.71e-95	293	92	109905	N/A	N/A	N/A	myoblast determination protein 1 homolog isoform X1 [Chelmon rostratus]
NP_002469.2	ref|XP_062246651.1|	57.508	313	85	11	27	320	14	297	7.56e-95	293	92	8260	N/A	N/A	N/A	myoblast determination protein 1 homolog [Platichthys flesus]
NP_002469.2	ref|XP_030586806.1|	55.063	316	94	9	25	320	12	299	8.72e-95	293	93	63155	N/A	N/A	N/A	myoblast determination protein 1 homolog [Archocentrus centrarchus]
NP_002469.2	ref|XP_014855503.1|	55.486	319	89	11	22	320	61	346	8.84e-95	295	93	48701	N/A	N/A	N/A	PREDICTED: myoblast determination protein 1 homolog [Poecilia mexicana]
NP_002469.2	ref|XP_030269568.1|	55.452	321	97	10	4	320	3	281	1.10e-94	292	99	8175	N/A	N/A	N/A	myoblast determination protein 1 homolog [Sparus aurata]
NP_002469.2	ref|XP_075884910.1|	54.303	337	79	11	27	320	15	319	1.75e-94	293	92	303726	N/A	N/A	N/A	myoblast determination protein 1 homolog [Nelusetta ayraudi]
NP_002469.2	ref|XP_012719127.2|	57.419	310	87	10	27	320	72	352	3.78e-94	293	92	8078	N/A	N/A	N/A	myoblast determination protein 1 homolog [Fundulus heteroclitus]
NP_002469.2	ref|XP_070828910.1|	56.825	315	84	12	27	320	14	297	5.93e-94	291	92	109706	N/A	N/A	N/A	myoblast determination protein 1 homolog [Chaetodon trifascialis]
NP_002469.2	ref|XP_061780317.1|	57.235	311	80	12	27	320	13	287	6.24e-94	290	92	546530	N/A	N/A	N/A	myoblast determination protein 1 homolog [Nerophis lumbriciformis]
NP_002469.2	ref|XP_075996836.1|	56.869	313	95	11	27	320	14	305	2.39e-93	290	92	154954	N/A	N/A	N/A	myoblast determination protein 1 homolog [Genypterus blacodes]
NP_002469.2	ref|XP_020490642.1|	56.386	321	84	10	25	320	12	301	8.36e-93	288	93	56723	N/A	N/A	N/A	myoblast determination protein 1 homolog [Labrus bergylta]
NP_002469.2	ref|XP_073460031.1|	55.589	331	93	13	1	320	1	288	8.48e-92	285	100	8400	N/A	N/A	N/A	myoblast determination protein 1 [Aquarana catesbeiana]
NP_002469.2	ref|XP_061578180.1|	53.846	312	96	12	27	320	15	296	4.19e-90	281	92	129043	N/A	N/A	N/A	myoblast determination protein 1 homolog [Cololabis saira]
NP_002469.2	ref|XP_074522690.1|	53.846	299	89	9	23	320	10	260	4.92e-90	280	93	147232	N/A	N/A	N/A	myoblast determination protein 1 homolog [Halichoeres trimaculatus]
NP_002469.2	ref|XP_068459962.1|	56.774	310	112	8	22	320	7	305	5.92e-90	281	93	304258	N/A	N/A	N/A	myoblast determination protein 1 homolog [Clinocottus analis]
NP_002469.2	ref|XP_069513287.1|	54.667	300	92	9	22	320	9	265	5.49e-89	277	93	241346	N/A	N/A	N/A	myoblast determination protein 1 homolog [Semicossyphus pulcher]
NP_002469.2	ref|XP_049578246.1|	54.545	308	108	9	27	320	19	308	1.39e-88	278	92	161590	N/A	N/A	N/A	myoblast determination protein 1 homolog 1 [Syngnathus scovelli]
NP_002469.2	ref|XP_038557805.1|	56.376	298	93	10	23	320	10	270	8.55e-88	274	93	27706	N/A	N/A	N/A	myoblast determination protein 1 homolog [Micropterus salmoides]
NP_002469.2	ref|XP_038123780.1|	59.274	248	77	7	22	268	9	233	2.16e-87	273	77	77115	N/A	N/A	N/A	myoblast determination protein 1 homolog [Cyprinodon tularosa]
NP_002469.2	ref|XP_061898902.1|	56.333	300	79	11	37	320	6	269	3.80e-87	272	89	161455	N/A	N/A	N/A	LOW QUALITY PROTEIN: myoblast determination protein 1 homolog [Entelurus aequoreus]
NP_002469.2	ref|XP_061139497.1|	59.144	257	78	7	27	266	19	265	4.05e-87	274	75	161592	N/A	N/A	N/A	myoblast determination protein 1 homolog [Syngnathus typhle]
NP_002469.2	ref|XP_029353744.1|	59.756	246	75	6	23	268	10	231	7.21e-87	271	77	173247	N/A	N/A	N/A	myoblast determination protein 1 homolog [Echeneis naucrates]
NP_002469.2	ref|XP_076003084.1|	56.343	268	92	7	23	283	10	259	1.30e-86	271	82	154954	N/A	N/A	N/A	myoblast determination protein 1 homolog [Genypterus blacodes]
NP_002469.2	ref|XP_067347280.1|	58.943	246	68	6	23	267	10	223	3.11e-85	267	77	215402	N/A	N/A	N/A	myoblast determination protein 1 homolog [Channa argus]
NP_002469.2	ref|XP_008408931.1|	57.540	252	69	7	22	256	9	239	5.61e-85	266	73	8081	N/A	N/A	N/A	myoblast determination protein 1 homolog [Poecilia reticulata]
NP_002469.2	ref|XP_034722500.1|	58.801	267	84	8	3	267	32	274	6.48e-85	268	83	417921	N/A	N/A	N/A	myoblast determination protein 1 homolog [Etheostoma cragini]
NP_002469.2	ref|XP_012704982.1|	58.871	248	78	7	22	268	9	233	1.28e-84	266	77	8078	N/A	N/A	N/A	myoblast determination protein 1 homolog [Fundulus heteroclitus]
NP_002469.2	ref|XP_045888734.1|	55.705	298	91	11	23	320	10	266	1.33e-84	266	93	147949	N/A	N/A	N/A	myoblast determination protein 1 homolog [Micropterus dolomieu]
NP_002469.2	ref|XP_041640851.1|	53.846	299	93	9	23	320	9	263	6.79e-84	264	93	241271	N/A	N/A	N/A	myoblast determination protein 1 homolog [Cheilinus undulatus]
NP_002469.2	ref|XP_020495859.1|	52.174	299	99	9	23	320	10	265	1.28e-83	263	93	56723	N/A	N/A	N/A	myoblast determination protein 1 homolog [Labrus bergylta]
NP_002469.2	ref|XP_060911941.1|	51.171	299	102	8	23	320	10	265	2.48e-83	263	93	508554	N/A	N/A	N/A	myoblast determination protein 1 homolog [Labrus mixtus]
NP_002469.2	ref|XP_029316175.1|	57.959	245	86	4	23	267	10	237	6.67e-83	261	77	56716	N/A	N/A	N/A	myoblast determination protein 1 homolog [Cottoperca gobio]
NP_002469.2	ref|XP_056454437.1|	56.522	276	85	10	12	266	5	266	1.74e-82	261	80	1042646	N/A	N/A	N/A	myoblast determination protein 1 homolog [Gadus chalcogrammus]
NP_002469.2	ref|XP_051917274.1|	51.553	322	102	10	27	320	18	313	4.01e-82	261	92	109293	N/A	N/A	N/A	myoblast determination protein 1 homolog [Hippocampus zosterae]
NP_002469.2	ref|XP_015228876.1|	58.800	250	66	9	22	268	9	224	4.06e-82	259	77	28743	N/A	N/A	N/A	PREDICTED: myoblast determination protein 1 homolog [Cyprinodon variegatus]
NP_002469.2	ref|XP_047218990.1|	59.200	250	75	8	22	268	11	236	9.79e-82	259	77	208333	N/A	N/A	N/A	myoblast determination protein 1 homolog [Girardinichthys multiradiatus]
NP_002469.2	ref|XP_015809240.1|	58.537	246	79	6	23	268	10	232	1.03e-81	258	77	105023	N/A	N/A	N/A	myoblast determination protein 1 homolog [Nothobranchius furzeri]
NP_002469.2	ref|XP_030579660.1|	58.167	251	79	7	22	267	9	238	1.15e-81	258	77	63155	N/A	N/A	N/A	myoblast determination protein 1 homolog [Archocentrus centrarchus]
NP_002469.2	ref|XP_017282270.1|	59.600	250	73	8	23	268	19	244	1.84e-81	258	77	37003	N/A	N/A	N/A	myoblast determination protein 1 homolog [Kryptolebias marmoratus]
NP_002469.2	ref|XP_074480124.1|	53.356	298	101	9	23	320	10	269	2.36e-81	258	93	394691	N/A	N/A	N/A	myoblast determination protein 1 homolog [Sebastes fasciatus]
NP_002469.2	ref|XP_059916644.1|	56.522	276	85	10	12	266	5	266	3.13e-81	258	80	80720	N/A	N/A	N/A	myoblast determination protein 1 homolog [Gadus macrocephalus]
NP_002469.2	ref|XP_030221416.1|	56.522	276	85	10	12	266	5	266	3.60e-81	258	80	8049	N/A	N/A	N/A	myoblast determination protein 1 homolog [Gadus morhua]
NP_002469.2	ref|XP_062278304.1|	59.184	245	84	3	23	267	10	238	6.86e-81	256	77	13677	N/A	N/A	N/A	myoblast determination protein 1 homolog 1-like [Scomber scombrus]
NP_002469.2	ref|XP_070821774.1|	59.836	244	81	4	25	267	12	239	2.27e-80	255	76	109706	N/A	N/A	N/A	myoblast determination protein 1 homolog [Chaetodon trifascialis]
NP_002469.2	ref|XP_013880849.1|	58.871	248	76	7	23	268	10	233	2.35e-80	255	77	52670	N/A	N/A	N/A	myoblast determination protein 1 homolog [Austrofundulus limnaeus]
NP_002469.2	ref|XP_009633725.2|	50.926	324	90	8	1	320	1	259	6.89e-80	253	100	188379	N/A	N/A	N/A	LOW QUALITY PROTEIN: myoblast determination protein 1 [Egretta garzetta]
NP_002469.2	ref|XP_070686618.1|	51.485	303	99	9	34	320	21	291	2.25e-79	253	90	3127111	N/A	N/A	N/A	myoblast determination protein 1 homolog isoform X2 [Pempheris klunzingeri]
NP_002469.2	ref|XP_060923578.1|	59.917	242	72	7	26	267	15	231	3.16e-79	252	76	27771	N/A	N/A	N/A	myoblast determination protein 1 homolog [Limanda limanda]
NP_002469.2	ref|XP_063336193.1|	59.761	251	69	10	23	267	10	234	7.86e-79	251	77	158779	N/A	N/A	N/A	myoblast determination protein 1 homolog [Pelmatolapia mariae]
NP_002469.2	ref|XP_056877834.1|	59.350	246	69	7	25	262	11	233	2.16e-78	250	74	433684	N/A	N/A	N/A	myoblast determination protein 1 homolog [Takifugu flavidus]
NP_002469.2	ref|XP_006804487.1|	58.800	250	74	10	23	267	10	235	2.86e-78	250	77	32507	N/A	N/A	N/A	myoblast determination protein 1 homolog [Neolamprologus brichardi]
NP_002469.2	ref|XP_013890142.1|	52.273	308	79	12	27	320	14	267	3.02e-78	249	92	52670	N/A	N/A	N/A	myoblast determination protein 1 homolog [Austrofundulus limnaeus]
NP_002469.2	ref|XP_075934629.1|	58.964	251	79	6	23	267	10	242	3.95e-78	249	77	65739	N/A	N/A	N/A	myoblast determination protein 1 homolog 2-like [Anarhichas minor]
NP_002469.2	ref|XP_070686617.1|	51.316	304	99	10	34	320	21	292	7.74e-78	249	90	3127111	N/A	N/A	N/A	myoblast determination protein 1 homolog isoform X1 [Pempheris klunzingeri]
NP_002469.2	ref|XP_005944492.1|	58.800	250	75	9	23	267	10	236	1.03e-77	248	77	8153	N/A	N/A	N/A	myoblast determination protein 1 homolog [Haplochromis burtoni]
NP_002469.2	ref|XP_053281615.1|	59.916	237	70	7	26	262	15	226	1.22e-77	248	74	8262	N/A	N/A	N/A	myoblast determination protein 1 homolog [Pleuronectes platessa]
NP_002469.2	ref|XP_039880748.1|	58.400	250	75	10	23	267	10	235	2.90e-77	247	77	43689	N/A	N/A	N/A	myoblast determination protein 1 homolog [Simochromis diagramma]
NP_002469.2	ref|XP_005751489.1|	58.800	250	75	9	23	267	10	236	3.16e-77	247	77	303518	N/A	N/A	N/A	myoblast determination protein 1 homolog [Pundamilia nyererei]
NP_002469.2	ref|XP_004573363.1|	57.937	252	75	10	23	267	10	237	6.19e-77	246	77	8154;106582	N/A;N/A	N/A	N/A	myoblast determination protein 1 homolog [Maylandia zebra]
NP_002469.2	ref|XP_028257332.1|	58.704	247	83	6	23	268	10	238	6.53e-77	246	77	210632	N/A	N/A	N/A	myoblast determination protein 1 homolog [Parambassis ranga]
NP_002469.2	ref|XP_069021843.1|	57.143	259	79	8	23	267	10	250	7.47e-77	247	77	100190	N/A	N/A	N/A	myoblast determination protein 1 homolog [Embiotoca jacksoni]
NP_002469.2	ref|XP_047436624.1|	57.312	253	80	6	23	267	10	242	1.20e-75	243	77	48193	N/A	N/A	N/A	myoblast determination protein 1 homolog [Mugil cephalus]
NP_002469.2	ref|XP_023807072.1|	58.197	244	74	9	23	265	10	226	1.43e-75	242	76	8090	N/A	N/A	N/A	myoblast determination protein 1 homolog 1-like isoform X2 [Oryzias latipes]
NP_002469.2	ref|XP_037547998.1|	57.895	247	79	7	23	268	10	232	1.86e-75	243	77	451745	N/A	N/A	N/A	myoblast determination protein 1 homolog [Nematolebias whitei]
NP_002469.2	ref|XP_024118858.1|	58.468	248	78	10	23	267	10	235	4.46e-75	241	77	30732	N/A	N/A	N/A	myoblast determination protein 1 homolog 1 [Oryzias melastigma]
NP_002469.2	ref|XP_068166657.1|	55.906	254	70	7	23	261	10	236	3.22e-74	239	75	241820	N/A	N/A	N/A	myoblast determination protein 1 homolog [Antennarius striatus]
NP_002469.2	ref|XP_053720504.1|	54.918	244	78	7	23	263	10	224	6.11e-74	238	75	270530	N/A	N/A	N/A	myoblast determination protein 1 homolog [Synchiropus splendidus]
NP_002469.2	ref|XP_037103253.1|	53.719	242	91	7	23	262	10	232	3.37e-73	236	75	161584	N/A	N/A	N/A	myoblast determination protein 1 homolog 2-like [Syngnathus acus]
NP_002469.2	ref|XP_056269344.1|	55.039	258	80	8	23	267	10	244	8.56e-73	236	77	2059687	N/A	N/A	N/A	myoblast determination protein 1 homolog 2-like isoform X1 [Pseudoliparis swirei]
NP_002469.2	ref|XP_061132155.1|	52.893	242	93	6	23	262	10	232	1.09e-72	235	75	161592	N/A	N/A	N/A	myoblast determination protein 1 homolog 2-like [Syngnathus typhle]
NP_002469.2	ref|XP_009578613.1|	55.870	247	59	4	81	320	20	223	2.06e-72	233	75	30455	N/A	N/A	N/A	PREDICTED: myoblast determination protein 1, partial [Fulmarus glacialis]
NP_002469.2	ref|XP_017295188.1|	48.773	326	93	12	8	320	3	267	2.92e-72	234	98	37003	N/A	N/A	N/A	myoblast determination protein 1 homolog isoform X2 [Kryptolebias marmoratus]
NP_002469.2	ref|XP_027869560.1|	59.109	247	82	6	23	268	10	238	3.14e-72	234	77	32473	N/A	N/A	N/A	myoblast determination protein 1 homolog isoform X2 [Xiphophorus couchianus]
NP_002469.2	ref|XP_023807068.1|	54.297	256	85	9	23	266	10	245	3.89e-72	234	76	8090	N/A	N/A	N/A	myoblast determination protein 1 homolog 1-like isoform X1 [Oryzias latipes]
NP_002469.2	ref|XP_049573195.1|	53.306	242	92	7	23	262	10	232	5.42e-72	233	75	161590	N/A	N/A	N/A	myoblast determination protein 1 homolog 2 [Syngnathus scovelli]
NP_002469.2	ref|XP_043997261.1|	59.677	248	80	7	23	268	10	239	1.53e-71	233	77	33528	N/A	N/A	N/A	myoblast determination protein 1 homolog [Gambusia affinis]
NP_002469.2	ref|XP_027869559.1|	59.200	250	80	7	23	268	10	241	1.70e-71	233	77	32473	N/A	N/A	N/A	myoblast determination protein 1 homolog isoform X1 [Xiphophorus couchianus]
NP_002469.2	ref|XP_005812899.2|	59.109	247	82	6	23	268	10	238	4.48e-71	231	77	8083	N/A	N/A	N/A	myoblast determination protein 1 homolog [Xiphophorus maculatus]
NP_002469.2	ref|XP_054464240.1|	55.344	262	82	6	23	267	10	253	7.32e-71	231	77	229290	N/A	N/A	N/A	myoblast determination protein 1 homolog [Anoplopoma fimbria]
NP_002469.2	ref|XP_017295187.1|	48.494	332	94	14	8	320	3	276	2.53e-70	230	98	37003	N/A	N/A	N/A	myoblast determination protein 1 homolog isoform X1 [Kryptolebias marmoratus]
NP_002469.2	ref|XP_034385699.1|	54.789	261	82	8	23	267	10	250	4.12e-70	229	77	8103	N/A	N/A	N/A	myoblast determination protein 1 homolog 2-like [Cyclopterus lumpus]
NP_002469.2	ref|XP_061533423.1|	58.233	249	69	6	27	263	14	239	4.42e-70	229	74	693459	N/A	N/A	N/A	myoblast determination protein 1 homolog [Phycodurus eques]
NP_002469.2	ref|XP_054892301.1|	59.919	247	79	7	23	268	10	237	4.61e-70	229	77	188132	N/A	N/A	N/A	myoblast determination protein 1 homolog [Poeciliopsis prolifica]
NP_002469.2	ref|XP_008404232.1|	59.036	249	78	7	23	268	10	237	6.46e-70	229	77	8081	N/A	N/A	N/A	myoblast determination protein 1 homolog [Poecilia reticulata]
NP_002469.2	ref|XP_019722784.1|	51.417	247	89	7	23	262	10	232	7.20e-70	228	75	109280	N/A	N/A	N/A	myoblast determination protein 1 homolog [Hippocampus comes]
NP_002469.2	ref|XP_037538435.1|	53.160	269	81	9	8	262	3	240	3.95e-69	226	80	451745	N/A	N/A	N/A	myoblast determination protein 1 homolog [Nematolebias whitei]
NP_002469.2	ref|XP_051920385.1|	49.813	267	102	8	23	282	18	259	4.09e-69	226	81	109293	N/A	N/A	N/A	myoblast determination protein 1 homolog 2-like [Hippocampus zosterae]
NP_002469.2	ref|XP_019713256.1|	59.740	231	63	6	27	233	18	242	4.96e-69	226	65	109280	N/A	N/A	N/A	myoblast determination protein 1 homolog [Hippocampus comes]
NP_002469.2	ref|XP_007558868.1|	58.704	247	81	6	23	268	10	236	6.51e-69	226	77	48698	N/A	N/A	N/A	myoblast determination protein 1 homolog isoform X1 [Poecilia formosa]
NP_002469.2	ref|XP_054879581.1|	59.274	248	80	7	23	268	10	238	6.63e-69	226	77	188132	N/A	N/A	N/A	LOW QUALITY PROTEIN: myoblast determination protein 1 homolog [Poeciliopsis prolifica]
NP_002469.2	ref|XP_057933602.1|	55.556	243	91	5	24	266	11	236	1.22e-68	225	76	161450	N/A	N/A	N/A	myoblast determination protein 1 homolog [Doryrhamphus excisus]
NP_002469.2	ref|XP_016530205.1|	58.704	247	79	7	23	268	10	234	1.85e-68	225	77	48698	N/A	N/A	N/A	myoblast determination protein 1 homolog isoform X2 [Poecilia formosa]
NP_002469.2	ref|XP_054626763.1|	55.102	245	87	6	25	266	12	236	2.78e-68	224	76	161453	N/A	N/A	N/A	myoblast determination protein 1 homolog [Dunckerocampus dactyliophorus]
NP_002469.2	ref|XP_014879869.1|	58.704	247	79	7	23	268	10	234	3.42e-68	224	77	48699	N/A	N/A	N/A	myoblast determination protein 1 homolog [Poecilia latipinna]
NP_002469.2	ref|XP_014852415.1|	58.300	247	82	6	23	268	10	236	3.61e-68	224	77	48701	N/A	N/A	N/A	PREDICTED: myoblast determination protein 1 homolog isoform X1 [Poecilia mexicana]
NP_002469.2	ref|XP_014852417.1|	58.300	247	80	7	23	268	10	234	1.34e-67	223	77	48701	N/A	N/A	N/A	PREDICTED: myoblast determination protein 1 homolog isoform X2 [Poecilia mexicana]
NP_002469.2	ref|XP_061924701.1|	50.382	262	86	9	8	262	3	227	1.42e-67	222	80	161455	N/A	N/A	N/A	myoblast determination protein 1 homolog [Entelurus aequoreus]
NP_002469.2	ref|XP_009706030.1|	59.615	208	61	4	116	320	1	188	2.40e-67	219	64	54380	N/A	N/A	N/A	PREDICTED: myoblast determination protein 1 [Cariama cristata]
NP_002469.2	ref|XP_068584797.1|	55.000	260	84	10	23	267	10	251	2.67e-67	222	77	271503	N/A	N/A	N/A	myoblast determination protein 1 homolog [Cebidichthys violaceus]
NP_002469.2	ref|XP_069570639.1|	54.918	244	85	6	86	320	49	276	2.92e-67	222	73	100188	N/A	N/A	N/A	myoblast determination protein 1 homolog [Brachyistius frenatus]
NP_002469.2	ref|XP_029000581.1|	54.582	251	75	10	28	268	9	230	5.39e-67	220	75	158456	N/A	N/A	N/A	myoblast determination protein 1 homolog [Betta splendens]
NP_002469.2	ref|XP_009326824.1|	59.809	209	60	5	116	320	1	189	1.77e-66	217	64	9238	N/A	N/A	N/A	PREDICTED: myoblast determination protein 1 [Pygoscelis adeliae]
NP_002469.2	ref|XP_010152556.1|	58.491	212	61	4	116	320	1	192	1.77e-66	217	64	54383	N/A	N/A	N/A	PREDICTED: myoblast determination protein 1 [Eurypyga helias]
NP_002469.2	ref|XP_010213010.1|	59.242	211	60	5	116	320	1	191	4.18e-66	216	64	94827	N/A	N/A	N/A	PREDICTED: myoblast determination protein 1 [Tinamus guttatus]
NP_002469.2	ref|XP_057699348.1|	52.966	236	88	7	27	261	14	227	4.65e-66	218	73	161448	N/A	N/A	N/A	myoblast determination protein 1 homolog [Corythoichthys intestinalis]
NP_002469.2	ref|XP_068434438.1|	53.383	266	86	8	23	267	10	258	9.74e-66	218	77	304258	N/A	N/A	N/A	myoblast determination protein 1 homolog 2-like [Clinocottus analis]
NP_002469.2	ref|XP_056269345.1|	58.173	208	58	6	24	218	11	202	7.92e-64	211	61	2059687	N/A	N/A	N/A	myoblast determination protein 1 homolog 2-like isoform X2 [Pseudoliparis swirei]
NP_002469.2	ref|XP_061606060.1|	48.819	254	99	8	23	269	10	239	3.83e-63	211	77	161469	N/A	N/A	N/A	myoblast determination protein 1 homolog isoform X1 [Phyllopteryx taeniolatus]
NP_002469.2	ref|XP_037337188.1|	47.157	299	107	8	25	304	12	278	2.08e-62	209	88	134920	N/A	N/A	N/A	myoblast determination protein 1 homolog [Pungitius pungitius]
NP_002469.2	ref|XP_061830541.1|	51.626	246	90	8	20	262	3	222	3.98e-62	208	76	546530	N/A	N/A	N/A	myoblast determination protein 1 homolog [Nerophis lumbriciformis]
NP_002469.2	ref|XP_067966300.1|	52.157	255	82	8	17	267	5	223	4.74e-62	208	78	7769	N/A	N/A	N/A	myoblast determination protein 1 homolog [Myxine glutinosa]
NP_002469.2	ref|XP_072770851.1|	57.216	194	58	7	20	211	3	173	4.52e-60	200	60	546530	N/A	N/A	N/A	myoblast determination protein 1 homolog [Nerophis lumbriciformis]
NP_002469.2	ref|XP_061742947.1|	49.808	261	89	8	8	262	3	227	5.18e-60	203	80	159077	N/A	N/A	N/A	myoblast determination protein 1 homolog [Nerophis ophidion]
NP_002469.2	ref|XP_040025265.1|	49.807	259	82	7	23	267	10	234	5.21e-59	201	77	481459	N/A	N/A	N/A	myoblast determination protein 1 homolog 1-like [Gasterosteus aculeatus aculeatus]
NP_002469.2	ref|XP_061559818.1|	52.970	202	68	6	23	218	10	190	2.02e-58	199	61	693459	N/A	N/A	N/A	myoblast determination protein 1 homolog [Phycodurus eques]
NP_002469.2	ref|XP_075896059.1|	42.697	267	84	6	25	265	11	234	2.24e-48	173	75	303726	N/A	N/A	N/A	myoblast determination protein 1 homolog [Nelusetta ayraudi]
NP_002469.2	ref|XP_071778729.1|	50.704	213	67	8	10	222	2	176	8.51e-45	162	67	166262	N/A	N/A	N/A	myoblast determination protein 1 homolog [Centroberyx gerrardi]
NP_002469.2	ref|XP_067974002.1|	48.718	195	70	4	81	269	76	246	3.42e-39	149	59	7769	N/A	N/A	N/A	myoblast determination protein 1 homolog [Myxine glutinosa]
NP_002469.2	ref|XP_048767261.1|	47.619	210	79	6	80	282	169	354	9.07e-39	150	63	37623	N/A	N/A	N/A	myoblast determination protein 1 homolog [Ostrea edulis]
NP_002469.2	ref|XP_071627419.1|	49.171	181	67	4	80	260	154	309	1.61e-35	141	57	300112	N/A	N/A	N/A	myoblast determination protein 1 homolog [Temnothorax longispinosus]
NP_002469.2	ref|XP_071561842.1|	48.619	181	68	4	80	260	154	309	1.85e-35	141	57	102681	N/A	N/A	N/A	myoblast determination protein 1 [Temnothorax nylanderi]
NP_002469.2	ref|XP_043803639.1|	44.878	205	81	7	56	260	160	332	3.61e-35	141	64	183418	N/A	N/A	N/A	myoblast determination protein 1 homolog isoform X3 [Apis laboriosa]
NP_002469.2	ref|XP_003698037.2|	43.961	207	84	7	54	260	233	407	4.48e-33	137	65	7463	N/A	N/A	N/A	LOW QUALITY PROTEIN: myoblast determination protein 1 homolog [Apis florea]
NP_002469.2	ref|XP_058802435.1|	50.000	168	60	6	93	260	216	359	2.66e-32	134	53	108790	N/A	N/A	N/A	myoblast determination protein 1 homolog isoform X1 [Phymastichus coffea]
NP_002469.2	ref|XP_054159491.1|	58.095	105	39	1	76	175	24	128	7.75e-30	124	31	1686743	N/A	N/A	N/A	myoblast determination protein 1 homolog [Oppia nitens]
NP_002469.2	ref|XP_019638081.1|	44.079	152	82	3	55	204	16	166	1.23e-26	115	47	7741	N/A	N/A	N/A	PREDICTED: myoblast determination protein 1 homolog B-like [Branchiostoma belcheri]
NP_002469.2	ref|XP_042299962.1|	49.565	115	50	3	211	320	24	135	2.20e-20	96.3	34	8520	N/A	N/A	N/A	myoblast determination protein 1 homolog [Sceloporus undulatus]
NP_002469.2	ref|XP_060932432.1|	49.254	134	50	5	191	320	98	217	1.03e-19	97.1	60	27771	N/A	N/A	N/A	myoblast determination protein 1 homolog [Limanda limanda]
NP_002469.2	ref|XP_060932432.1|	50.649	77	23	2	27	89	14	89	4.10e-11	73.2	60	27771	N/A	N/A	N/A	myoblast determination protein 1 homolog [Limanda limanda]
NP_002469.2	ref|XP_010169671.1|	49.565	115	49	3	210	320	1	110	3.29e-19	92.4	35	279965	N/A	N/A	N/A	myoblast determination protein 1 homolog [Antrostomus carolinensis]
NP_002469.2	ref|XP_010126069.1|	48.276	116	50	3	210	320	1	111	4.78e-18	89.4	35	187382	N/A	N/A	N/A	PREDICTED: myoblast determination protein 1 homolog [Chlamydotis macqueenii]
NP_002469.2	ref|XP_009875349.1|	47.368	114	51	3	211	320	1	109	1.93e-17	87.8	34	57397	N/A	N/A	N/A	PREDICTED: myoblast determination protein 1 homolog [Apaloderma vittatum]
NP_002469.2	ref|XP_009078996.1|	46.429	112	57	2	210	320	1	110	1.55e-16	85.1	35	57068	N/A	N/A	N/A	PREDICTED: myoblast determination protein 1 homolog [Acanthisitta chloris]
NP_002469.2	ref|XP_015686391.1|	50.435	115	49	4	211	320	1	112	1.68e-14	79.7	34	103944	N/A	N/A	N/A	myoblast determination protein 1 homolog, partial [Protobothrops mucrosquamatus]
NP_002469.2	ref|XP_015682237.1|	49.565	115	48	4	211	320	1	110	8.10e-14	77.8	34	103944	N/A	N/A	N/A	myoblast determination protein 1 homolog, partial [Protobothrops mucrosquamatus]
NP_002469.2	ref|XP_008943667.1|	46.721	122	43	3	210	320	1	111	1.72e-10	68.9	35	57421	N/A	N/A	N/A	PREDICTED: myoblast determination protein 1 homolog [Merops nubicus]
